behavior,seconds,group,mouse
otherWake,29,NB,122
sleep,68,NB,122
otherWake,34,NB,122
eating,65,NB,122
otherWake,32,NB,122
BA,138,NB,122
grooming,35,NB,122
otherWake,10,NB,122
eating,70,NB,122
otherWake,30,NB,122
drinking,8,NB,122
otherWake,25,NB,122
sleep,190,NB,122
eating,82,NB,122
otherWake,6,NB,122
grooming,14,NB,122
sleep,186,NB,122
otherWake,25,NB,122
sleep,212,NB,122
eating,95,NB,122
grooming,9,NB,122
drinking,13,NB,122
grooming,19,NB,122
BA,141,NB,122
eating,25,NB,122
grooming,16,NB,122
otherWake,11,NB,122
drinking,3,NB,122
grooming,218,NB,122
otherWake,19,NB,122
climbing,25,NB,122
otherWake,15,NB,122
grooming,6,NB,122
otherWake,62,NB,122
climbing,81,NB,122
otherWake,16,NB,122
grooming,22,NB,122
otherWake,5,NB,122
drinking,10,NB,122
otherWake,17,NB,122
grooming,7,NB,122
otherWake,37,NB,122
climbing,25,NB,122
BA,23,NB,122
otherWake,16,NB,122
eating,130,NB,122
otherWake,31,NB,122
climbing,23,NB,122
otherWake,18,NB,122
BA,79,NB,122
otherWake,7,NB,122
BA,120,NB,122
otherWake,11,NB,122
eating,59,NB,122
otherWake,10,NB,122
sleep,547,NB,122
otherWake,29,NB,122
eating,111,NB,122
otherWake,24,NB,122
drinking,5,NB,122
BA,125,NB,122
grooming,880,NB,122
eating,56,NB,122
otherWake,7,NB,122
grooming,3,NB,122
otherWake,35,NB,122
drinking,18,NB,122
otherWake,4,NB,122
sleep,45,NB,122
otherWake,16,NB,122
sleep,248,NB,122
otherWake,10,NB,122
eating,217,NB,122
otherWake,50,NB,122
sleep,90,NB,122
grooming,310,NB,122
otherWake,11,NB,122
climbing,15,NB,122
otherWake,12,NB,122
grooming,7,NB,122
otherWake,9,NB,122
drinking,6,NB,122
otherWake,43,NB,122
drinking,7,NB,122
otherWake,14,NB,122
climbing,88,NB,122
eating,14,NB,122
otherWake,25,NB,122
grooming,84,NB,122
otherWake,16,NB,122
eating,40,NB,122
BA,13,NB,122
eating,166,NB,122
BA,16,NB,122
eating,18,NB,122
BA,18,NB,122
eating,18,NB,122
otherWake,33,NB,122
climbing,30,NB,122
otherWake,12,NB,122
BA,10,NB,122
grooming,9,NB,122
drinking,18,NB,122
otherWake,47,NB,122
grooming,7,NB,122
otherWake,20,NB,122
climbing,44,NB,122
otherWake,23,NB,122
climbing,12,NB,122
otherWake,4,NB,122
BA,37,NB,122
otherWake,4,NB,122
drinking,10,NB,122
otherWake,19,NB,122
eating,216,NB,122
otherWake,17,NB,122
sleep,1065,NB,122
otherWake,34,NB,122
sleep,548,NB,122
grooming,625,NB,122
otherWake,8,NB,122
eating,98,NB,122
otherWake,9,NB,122
drinking,3,NB,122
otherWake,22,NB,122
sleep,270,NB,122
grooming,11,NB,122
drinking,5,NB,122
otherWake,6,NB,122
eating,181,NB,122
otherWake,14,NB,122
drinking,11,NB,122
otherWake,15,NB,122
BA,144,NB,122
drinking,9,NB,122
otherWake,18,NB,122
sleep,165,NB,122
otherWake,21,NB,122
eating,113,NB,122
otherWake,6,NB,122
drinking,6,NB,122
otherWake,18,NB,122
sleep,176,NB,122
otherWake,11,NB,122
sleep,306,NB,122
otherWake,8,NB,122
grooming,30,NB,122
otherWake,8,NB,122
eating,105,NB,122
otherWake,21,NB,122
sleep,513,NB,122
otherWake,11,NB,122
grooming,18,NB,122
drinking,11,NB,122
otherWake,21,NB,122
sleep,240,NB,122
grooming,271,NB,122
otherWake,4,NB,122
eating,52,NB,122
otherWake,19,NB,122
sleep,233,NB,122
otherWake,22,NB,122
drinking,11,NB,122
otherWake,7,NB,122
sleep,206,NB,122
grooming,42,NB,122
otherWake,3,NB,122
eating,61,NB,122
otherWake,47,NB,122
sleep,449,NB,122
grooming,14,NB,122
sleep,98,NB,122
grooming,41,NB,122
eating,197,NB,122
BA,16,NB,122
eating,120,NB,122
otherWake,34,NB,122
sleep,49,NB,122
grooming,173,NB,122
otherWake,19,NB,122
grooming,31,NB,122
drinking,7,NB,122
otherWake,6,NB,122
eating,155,NB,122
grooming,15,NB,122
eating,129,NB,122
otherWake,59,NB,122
grooming,13,NB,122
otherWake,69,NB,122
drinking,5,NB,122
otherWake,20,NB,122
climbing,13,NB,122
drinking,21,NB,122
otherWake,22,NB,122
climbing,33,NB,122
otherWake,32,NB,122
eating,27,NB,122
BA,19,NB,122
eating,203,NB,122
otherWake,94,NB,122
eating,28,NB,122
otherWake,60,NB,122
climbing,34,NB,122
grooming,50,NB,122
sleep,72,NB,140
grooming,47,NB,140
otherWake,15,NB,140
grooming,220,NB,140
sleep,321,NB,140
grooming,11,NB,140
otherWake,9,NB,140
drinking,5,NB,140
otherWake,81,NB,140
eating,48,NB,140
BA,23,NB,140
eating,6,NB,140
otherWake,94,NB,140
sleep,25,NB,140
otherWake,75,NB,140
eating,65,NB,140
grooming,20,NB,140
drinking,13,NB,140
otherWake,36,NB,140
drinking,5,NB,140
otherWake,143,NB,140
sleep,47,NB,140
otherWake,17,NB,140
grooming,7,NB,140
otherWake,14,NB,140
eating,66,NB,140
otherWake,15,NB,140
eating,173,NB,140
grooming,43,NB,140
otherWake,18,NB,140
sleep,26,NB,140
otherWake,29,NB,140
grooming,10,NB,140
otherWake,9,NB,140
drinking,15,NB,140
otherWake,15,NB,140
BA,14,NB,140
drinking,17,NB,140
otherWake,54,NB,140
grooming,26,NB,140
otherWake,31,NB,140
BA,36,NB,140
otherWake,30,NB,140
sleep,101,NB,140
otherWake,6,NB,140
eating,49,NB,140
otherWake,13,NB,140
eating,140,NB,140
grooming,24,NB,140
otherWake,15,NB,140
BA,83,NB,140
otherWake,3,NB,140
drinking,16,NB,140
otherWake,40,NB,140
sleep,444,NB,140
otherWake,9,NB,140
eating,148,NB,140
grooming,11,NB,140
otherWake,16,NB,140
eating,30,NB,140
grooming,7,NB,140
otherWake,50,NB,140
BA,14,NB,140
otherWake,43,NB,140
sleep,53,NB,140
otherWake,11,NB,140
grooming,7,NB,140
otherWake,7,NB,140
drinking,12,NB,140
otherWake,17,NB,140
BA,36,NB,140
eating,59,NB,140
otherWake,20,NB,140
grooming,8,NB,140
otherWake,5,NB,140
drinking,7,NB,140
otherWake,43,NB,140
sleep,25,NB,140
otherWake,16,NB,140
eating,61,NB,140
BA,58,NB,140
grooming,180,NB,140
BA,146,NB,140
grooming,263,NB,140
drinking,10,NB,140
otherWake,20,NB,140
sleep,80,NB,140
grooming,4,NB,140
eating,131,NB,140
otherWake,13,NB,140
drinking,12,NB,140
otherWake,38,NB,140
eating,17,NB,140
BA,46,NB,140
eating,129,NB,140
BA,35,NB,140
otherWake,91,NB,140
BA,188,NB,140
grooming,13,NB,140
otherWake,85,NB,140
sleep,155,NB,140
otherWake,83,NB,140
sleep,854,NB,140
otherWake,21,NB,140
eating,258,NB,140
otherWake,147,NB,140
sleep,325,NB,140
grooming,443,NB,140
BA,78,NB,140
grooming,35,NB,140
otherWake,7,NB,140
eating,66,NB,140
BA,16,NB,140
eating,186,NB,140
otherWake,5,NB,140
drinking,21,NB,140
otherWake,17,NB,140
sleep,299,NB,140
otherWake,22,NB,140
sleep,793,NB,140
otherWake,13,NB,140
drinking,4,NB,140
otherWake,43,NB,140
BA,16,NB,140
otherWake,12,NB,140
BA,48,NB,140
eating,44,NB,140
grooming,90,NB,140
otherWake,141,NB,140
BA,72,NB,140
otherWake,28,NB,140
eating,67,NB,140
BA,10,NB,140
eating,105,NB,140
BA,10,NB,140
eating,44,NB,140
otherWake,31,NB,140
sleep,69,NB,140
otherWake,46,NB,140
sleep,465,NB,140
grooming,504,NB,140
sleep,448,NB,140
grooming,18,NB,140
otherWake,13,NB,140
eating,166,NB,140
otherWake,24,NB,140
sleep,429,NB,140
otherWake,30,NB,140
eating,72,NB,140
otherWake,35,NB,140
drinking,22,NB,140
otherWake,12,NB,140
sleep,772,NB,140
otherWake,20,NB,140
eating,226,NB,140
otherWake,20,NB,140
drinking,37,NB,140
otherWake,15,NB,140
BA,59,NB,140
drinking,17,NB,140
otherWake,37,NB,140
eating,153,NB,140
otherWake,46,NB,140
sleep,445,NB,140
otherWake,23,NB,151
grooming,15,NB,151
otherWake,11,NB,151
drinking,21,NB,151
otherWake,96,NB,151
eating,69,NB,151
otherWake,35,NB,151
grooming,22,NB,151
eating,96,NB,151
otherWake,25,NB,151
grooming,14,NB,151
climbing,16,NB,151
otherWake,60,NB,151
eating,105,NB,151
BA,134,NB,151
drinking,23,NB,151
grooming,60,NB,151
otherWake,14,NB,151
grooming,74,NB,151
otherWake,13,NB,151
climbing,6,NB,151
grooming,110,NB,151
otherWake,9,NB,151
grooming,152,NB,151
otherWake,9,NB,151
climbing,7,NB,151
grooming,197,NB,151
BA,42,NB,151
otherWake,23,NB,151
sleep,335,NB,151
otherWake,14,NB,151
eating,181,NB,151
grooming,50,NB,151
BA,143,NB,151
grooming,664,NB,151
BA,56,NB,151
grooming,412,NB,151
otherWake,21,NB,151
climbing,14,NB,151
drinking,17,NB,151
otherWake,9,NB,151
climbing,182,NB,151
eating,23,NB,151
grooming,95,NB,151
eating,99,NB,151
otherWake,41,NB,151
grooming,156,NB,151
climbing,9,NB,151
drinking,12,NB,151
climbing,11,NB,151
otherWake,13,NB,151
climbing,77,NB,151
otherWake,12,NB,151
eating,36,NB,151
otherWake,31,NB,151
BA,42,NB,151
otherWake,77,NB,151
eating,230,NB,151
drinking,28,NB,151
otherWake,13,NB,151
grooming,21,NB,151
otherWake,56,NB,151
grooming,142,NB,151
climbing,79,NB,151
drinking,30,NB,151
climbing,25,NB,151
eating,56,NB,151
otherWake,22,NB,151
grooming,103,NB,151
otherWake,18,NB,151
climbing,57,NB,151
otherWake,15,NB,151
grooming,48,NB,151
eating,9,NB,151
otherWake,31,NB,151
climbing,81,NB,151
otherWake,64,NB,151
grooming,31,NB,151
otherWake,37,NB,151
climbing,24,NB,151
grooming,11,NB,151
otherWake,24,NB,151
climbing,52,NB,151
eating,164,NB,151
BA,31,NB,151
eating,103,NB,151
otherWake,10,NB,151
sleep,38,NB,151
otherWake,30,NB,151
drinking,18,NB,151
otherWake,14,NB,151
climbing,36,NB,151
grooming,11,NB,151
otherWake,10,NB,151
climbing,80,NB,151
otherWake,10,NB,151
BA,20,NB,151
drinking,16,NB,151
otherWake,4,NB,151
climbing,22,NB,151
otherWake,49,NB,151
climbing,80,NB,151
otherWake,27,NB,151
climbing,12,NB,151
otherWake,20,NB,151
climbing,4,NB,151
grooming,37,NB,151
otherWake,10,NB,151
climbing,43,NB,151
otherWake,23,NB,151
eating,209,NB,151
BA,22,NB,151
eating,88,NB,151
BA,13,NB,151
eating,7,NB,151
drinking,16,NB,151
otherWake,15,NB,151
sleep,24,NB,151
otherWake,14,NB,151
sleep,72,NB,151
grooming,314,NB,151
BA,36,NB,151
grooming,10,NB,151
sleep,561,NB,151
grooming,239,NB,151
sleep,575,NB,151
grooming,220,NB,151
BA,37,NB,151
grooming,248,NB,151
sleep,137,NB,151
grooming,412,NB,151
otherWake,8,NB,151
climbing,89,NB,151
grooming,11,NB,151
climbing,89,NB,151
drinking,22,NB,151
grooming,24,NB,151
climbing,170,NB,151
grooming,89,NB,151
climbing,60,NB,151
eating,260,NB,151
otherWake,75,NB,151
grooming,120,NB,151
climbing,7,NB,151
otherWake,87,NB,151
drinking,11,NB,151
climbing,247,NB,151
drinking,15,NB,151
otherWake,26,NB,151
climbing,42,NB,151
otherWake,15,NB,151
climbing,84,NB,151
otherWake,91,NB,151
drinking,6,NB,151
otherWake,23,NB,151
climbing,22,NB,151
grooming,36,NB,151
otherWake,151,NB,151
grooming,74,NB,151
otherWake,37,NB,151
eating,107,NB,151
BA,18,NB,151
eating,250,NB,151
sleep,304,NB,151
grooming,617,NB,151
drinking,17,NB,151
sleep,1643,NB,151
eating,46,NB,156
otherWake,25,NB,156
drinking,9,NB,156
otherWake,47,NB,156
sleep,759,NB,156
grooming,295,NB,156
otherWake,3,NB,156
eating,81,NB,156
otherWake,30,NB,156
drinking,15,NB,156
otherWake,29,NB,156
eating,138,NB,156
grooming,11,NB,156
otherWake,9,NB,156
drinking,4,NB,156
otherWake,638,NB,156
grooming,32,NB,156
sleep,180,NB,156
grooming,212,NB,156
otherWake,7,NB,156
eating,186,NB,156
otherWake,47,NB,156
drinking,13,NB,156
otherWake,46,NB,156
drinking,9,NB,156
climbing,9,NB,156
otherWake,15,NB,156
drinking,6,NB,156
otherWake,40,NB,156
eating,196,NB,156
BA,78,NB,156
eating,11,NB,156
otherWake,19,NB,156
drinking,21,NB,156
otherWake,16,NB,156
sleep,679,NB,156
otherWake,11,NB,156
eating,32,NB,156
BA,16,NB,156
eating,12,NB,156
BA,19,NB,156
eating,133,NB,156
sleep,127,NB,156
grooming,12,NB,156
drinking,28,NB,156
otherWake,39,NB,156
eating,57,NB,156
sleep,44,NB,156
otherWake,7,NB,156
drinking,5,NB,156
otherWake,28,NB,156
eating,47,NB,156
otherWake,13,NB,156
sleep,35,NB,156
grooming,12,NB,156
otherWake,14,NB,156
sleep,25,NB,156
eating,19,NB,156
sleep,245,NB,156
eating,85,NB,156
BA,14,NB,156
eating,14,NB,156
grooming,48,NB,156
eating,64,NB,156
BA,11,NB,156
otherWake,18,NB,156
sleep,19,NB,156
otherWake,4,NB,156
drinking,7,NB,156
otherWake,53,NB,156
drinking,14,NB,156
otherWake,9,NB,156
climbing,8,NB,156
otherWake,25,NB,156
climbing,53,NB,156
otherWake,17,NB,156
climbing,26,NB,156
otherWake,4,NB,156
drinking,6,NB,156
otherWake,35,NB,156
grooming,5,NB,156
otherWake,10,NB,156
climbing,25,NB,156
otherWake,40,NB,156
eating,37,NB,156
BA,11,NB,156
eating,18,NB,156
otherWake,35,NB,156
sleep,267,NB,156
otherWake,17,NB,156
eating,136,NB,156
otherWake,30,NB,156
sleep,613,NB,156
otherWake,14,NB,156
sleep,496,NB,156
grooming,426,NB,156
eating,51,NB,156
grooming,14,NB,156
otherWake,16,NB,156
sleep,123,NB,156
grooming,8,NB,156
eating,95,NB,156
otherWake,40,NB,156
drinking,22,NB,156
otherWake,23,NB,156
climbing,15,NB,156
drinking,20,NB,156
otherWake,6,NB,156
climbing,8,NB,156
otherWake,35,NB,156
climbing,17,NB,156
otherWake,23,NB,156
eating,30,NB,156
otherWake,28,NB,156
sleep,21,NB,156
eating,74,NB,156
otherWake,34,NB,156
eating,58,NB,156
grooming,20,NB,156
BA,17,NB,156
eating,26,NB,156
otherWake,20,NB,156
BA,19,NB,156
eating,69,NB,156
otherWake,61,NB,156
drinking,13,NB,156
otherWake,32,NB,156
drinking,6,NB,156
otherWake,21,NB,156
climbing,5,NB,156
otherWake,13,NB,156
grooming,11,NB,156
otherWake,12,NB,156
climbing,18,NB,156
otherWake,21,NB,156
eating,60,NB,156
otherWake,43,NB,156
drinking,7,NB,156
otherWake,28,NB,156
climbing,47,NB,156
otherWake,15,NB,156
drinking,3,NB,156
otherWake,5,NB,156
climbing,11,NB,156
grooming,7,NB,156
climbing,48,NB,156
otherWake,13,NB,156
eating,6,NB,156
otherWake,71,NB,156
eating,37,NB,156
otherWake,47,NB,156
drinking,24,NB,156
otherWake,29,NB,156
sleep,74,NB,156
otherWake,7,NB,156
eating,170,NB,156
grooming,12,NB,156
BA,51,NB,156
grooming,3,NB,156
sleep,108,NB,156
grooming,5,NB,156
eating,60,NB,156
BA,10,NB,156
eating,26,NB,156
sleep,194,NB,156
otherWake,17,NB,156
eating,135,NB,156
otherWake,42,NB,156
sleep,25,NB,156
otherWake,30,NB,156
eating,19,NB,156
otherWake,9,NB,156
BA,52,NB,156
eating,66,NB,156
otherWake,8,NB,156
BA,120,NB,156
otherWake,16,NB,156
drinking,9,NB,156
otherWake,10,NB,156
sleep,757,NB,156
grooming,38,NB,156
sleep,1153,NB,156
otherWake,9,NB,156
grooming,15,NB,156
otherWake,12,NB,156
eating,198,NB,156
grooming,147,NB,156
otherWake,43,NB,156
BA,59,NB,156
otherWake,12,NB,156
eating,5,NB,156
otherWake,9,NB,156
sleep,30,NB,156
eating,13,NB,156
otherWake,23,NB,156
drinking,4,NB,156
otherWake,35,NB,156
eating,9,NB,156
otherWake,51,NB,156
grooming,5,NB,156
eating,76,NB,156
otherWake,56,NB,156
BA,24,NB,156
otherWake,10,NB,156
drinking,21,NB,156
otherWake,44,NB,156
climbing,8,NB,156
eating,12,NB,156
otherWake,22,NB,156
eating,74,NB,156
grooming,34,NB,156
otherWake,74,NB,156
eating,21,NB,156
otherWake,19,NB,156
drinking,4,NB,156
climbing,33,NB,156
grooming,15,NB,156
otherWake,17,NB,156
eating,82,NB,156
BA,45,NB,156
otherWake,29,NB,156
eating,61,NB,156
drinking,14,NB,156
climbing,30,NB,156
otherWake,8,NB,156
sleep,378,NB,156
eating,161,NB,178
grooming,21,NB,178
otherWake,59,NB,178
climbing,5,NB,178
otherWake,14,NB,178
climbing,5,NB,178
eating,39,NB,178
grooming,56,NB,178
otherWake,63,NB,178
drinking,7,NB,178
otherWake,15,NB,178
climbing,1,NB,178
BA,12,NB,178
climbing,41,NB,178
otherWake,20,NB,178
climbing,19,NB,178
otherWake,23,NB,178
climbing,31,NB,178
grooming,25,NB,178
otherWake,15,NB,178
drinking,25,NB,178
otherWake,142,NB,178
grooming,477,NB,178
sleep,87,NB,178
eating,15,NB,178
grooming,20,NB,178
otherWake,133,NB,178
sleep,868,NB,178
grooming,60,NB,178
sleep,308,NB,178
otherWake,47,NB,178
sleep,972,NB,178
grooming,26,NB,178
eating,20,NB,178
grooming,9,NB,178
otherWake,11,NB,178
grooming,179,NB,178
eating,13,NB,178
BA,15,NB,178
eating,72,NB,178
otherWake,16,NB,178
grooming,15,NB,178
eating,262,NB,178
grooming,102,NB,178
BA,12,NB,178
grooming,151,NB,178
otherWake,29,NB,178
climbing,31,NB,178
BA,20,NB,178
drinking,8,NB,178
otherWake,15,NB,178
climbing,35,NB,178
grooming,20,NB,178
climbing,56,NB,178
otherWake,14,NB,178
drinking,23,NB,178
otherWake,19,NB,178
grooming,97,NB,178
BA,76,NB,178
grooming,259,NB,178
otherWake,27,NB,178
grooming,55,NB,178
otherWake,51,NB,178
eating,6,NB,178
grooming,22,NB,178
sleep,1941,NB,178
grooming,20,NB,178
eating,26,NB,178
grooming,31,NB,178
eating,225,NB,178
otherWake,11,NB,178
sleep,312,NB,178
grooming,182,NB,178
otherWake,34,NB,178
BA,50,NB,178
otherWake,18,NB,178
sleep,110,NB,178
otherWake,16,NB,178
grooming,81,NB,178
BA,11,NB,178
grooming,36,NB,178
sleep,420,NB,178
otherWake,16,NB,178
sleep,333,NB,178
grooming,21,NB,178
eating,126,NB,178
grooming,363,NB,178
BA,18,NB,178
grooming,40,NB,178
sleep,183,NB,178
otherWake,15,NB,178
sleep,270,NB,178
grooming,11,NB,178
sleep,242,NB,178
grooming,10,NB,178
eating,126,NB,178
BA,27,NB,178
eating,58,NB,178
BA,71,NB,178
eating,51,NB,178
grooming,154,NB,178
drinking,15,NB,178
otherWake,40,NB,178
sleep,243,NB,178
grooming,10,NB,178
otherWake,27,NB,178
sleep,242,NB,178
otherWake,15,NB,178
sleep,917,NB,178
eating,228,NB,178
otherWake,10,NB,178
BA,108,NB,178
drinking,13,NB,178
grooming,33,NB,178
otherWake,11,NB,178
grooming,690,NB,178
eating,171,NB,178
grooming,90,NB,178
otherWake,24,NB,178
climbing,42,NB,178
otherWake,13,NB,178
grooming,18,NB,178
drinking,22,NB,178
otherWake,19,NB,178
climbing,24,NB,178
otherWake,29,NB,178
drinking,16,NB,178
otherWake,77,NB,178
climbing,16,NB,178
BA,36,NB,178
grooming,13,NB,178
otherWake,23,NB,178
grooming,24,NB,178
otherWake,14,NB,178
BA,53,NB,178
grooming,6,NB,178
eating,43,NB,178
climbing,27,NB,178
otherWake,21,NB,178
drinking,10,NB,178
otherWake,5,NB,178
sleeping,143,NB,175
otherWake,53,NB,175
sleeping,471,NB,175
grooming,56,NB,175
otherWake,66,NB,175
sleeping,47,NB,175
otherWake,23,NB,175
sleeping,190,NB,175
otherWake,43,NB,175
eating,73,NB,175
otherWake,20,NB,175
grooming,28,NB,175
otherWake,29,NB,175
climbing,12,NB,175
drinking,6,NB,175
otherWake,86,NB,175
sleeping,409,NB,175
otherWake,29,NB,175
grooming,24,NB,175
otherWake,22,NB,175
drinking,6,NB,175
otherWake,27,NB,175
sleeping,563,NB,175
otherWake,11,NB,175
grooming,11,NB,175
otherWake,27,NB,175
eating,39,NB,175
otherWake,48,NB,175
eating,58,NB,175
otherWake,87,NB,175
grooming,58,NB,175
otherWake,6,NB,175
BA,93,NB,175
grooming,147,NB,175
eating,182,NB,175
otherWake,29,NB,175
climbing,12,NB,175
otherWake,30,NB,175
drinking,17,NB,175
otherWake,27,NB,175
grooming,143,NB,175
otherWake,33,NB,175
climbing,39,NB,175
otherWake,20,NB,175
climbing,30,NB,175
otherWake,49,NB,175
BA,18,NB,175
otherWake,47,NB,175
sleeping,86,NB,175
otherWake,67,NB,175
sleeping,284,NB,175
otherWake,27,NB,175
sleeping,57,NB,175
otherWake,39,NB,175
sleeping,163,NB,175
otherWake,18,NB,175
grooming,25,NB,175
otherWake,21,NB,175
eating,106,NB,175
otherWake,18,NB,175
drinking,21,NB,175
otherWake,54,NB,175
drinking,5,NB,175
otherWake,106,NB,175
climbing,8,NB,175
otherWake,25,NB,175
climbing,13,NB,175
otherWake,22,NB,175
drinking,8,NB,175
otherWake,54,NB,175
eating,76,NB,175
otherWake,12,NB,175
climbing,6,NB,175
otherWake,18,NB,175
drinking,4,NB,175
otherWake,34,NB,175
climbing,26,NB,175
otherWake,58,NB,175
climbing,22,NB,175
drinking,14,NB,175
otherWake,3,NB,175
climbing,7,NB,175
otherWake,80,NB,175
grooming,30,NB,175
otherWake,28,NB,175
eating,163,NB,175
otherWake,39,NB,175
drinking,5,NB,175
otherWake,27,NB,175
drinking,20,NB,175
otherWake,4,NB,175
BA,31,NB,175
otherWake,177,NB,175
drinking,10,NB,175
otherWake,95,NB,175
climbing,26,NB,175
otherWake,15,NB,175
climbing,17,NB,175
otherWake,19,NB,175
eating,32,NB,175
otherWake,12,NB,175
grooming,23,NB,175
otherWake,59,NB,175
drinking,5,NB,175
otherWake,55,NB,175
BA,18,NB,175
otherWake,65,NB,175
drinking,7,NB,175
otherWake,106,NB,175
drinking,47,NB,175
otherWake,49,NB,175
eating,20,NB,175
otherWake,7,NB,175
grooming,53,NB,175
otherWake,17,NB,175
grooming,67,NB,175
otherWake,25,NB,175
climbing,21,NB,175
otherWake,26,NB,175
drinking,7,NB,175
otherWake,83,NB,175
eating,49,NB,175
otherWake,42,NB,175
climbing,11,NB,175
otherWake,20,NB,175
climbing,5,NB,175
otherWake,47,NB,175
eating,67,NB,175
grooming,60,NB,175
otherWake,30,NB,175
eating,19,NB,175
otherWake,295,NB,175
grooming,46,NB,175
otherWake,15,NB,175
drinking,5,NB,175
otherWake,23,NB,175
climbing,24,NB,175
drinking,18,NB,175
otherWake,31,NB,175
BA,10,NB,175
otherWake,34,NB,175
BA,23,NB,175
otherWake,12,NB,175
BA,53,NB,175
otherWake,29,NB,175
BA,104,NB,175
otherWake,27,NB,175
BA,52,NB,175
otherWake,28,NB,175
sleeping,143,NB,175
otherWake,117,NB,175
eating,44,NB,175
otherWake,20,NB,175
grooming,6,NB,175
otherWake,111,NB,175
eating,46,NB,175
otherWake,10,NB,175
grooming,289,NB,175
otherWake,103,NB,175
eating,25,NB,175
otherWake,34,NB,175
eating,150,NB,175
otherWake,162,NB,175
drinking,30,NB,175
otherWake,22,NB,175
BA,18,NB,175
otherWake,29,NB,175
BA,55,NB,175
otherWake,12,NB,175
sleeping,15,NB,175
otherWake,37,NB,175
eating,38,NB,175
otherWake,24,NB,175
eating,40,NB,175
otherWake,211,NB,175
grooming,84,NB,175
otherWake,37,NB,175
climbing,22,NB,175
otherWake,25,NB,175
climbing,17,NB,175
otherWake,13,NB,175
BA,10,NB,175
otherWake,25,NB,175
eating,38,NB,175
otherWake,72,NB,175
grooming,20,NB,175
otherWake,77,NB,175
eating,81,NB,175
otherWake,26,NB,175
drinking,22,NB,175
otherWake,99,NB,175
eating,60,NB,175
otherWake,167,NB,175
eating,110,NB,175
otherWake,30,NB,175
drinking,20,NB,175
otherWake,25,NB,175
BA,70,NB,175
otherWake,110,NB,175
BA,115,NB,175
otherWake,96,NB,175
grooming,49,NB,175
drinking,5,NB,175
otherWake,17,NB,175
grooming,351,NB,175
BA,17,NB,175
grooming,46,NB,175
otherWake,13,NB,175
grooming,10,NB,175
otherWake,72,NB,175
eating,165,NB,175
otherWake,28,NB,175
grooming,30,NB,175
otherWake,33,NB,175
climbing,93,NB,175
otherWake,140,NB,175
eating,101,NB,175
otherWake,92,NB,175
grooming,15,NB,175
otherWake,85,NB,175
sleeping,36,NB,175
otherWake,38,NB,175
sleeping,173,NB,175
otherWake,81,NB,175
sleeping,196,NB,175
otherWake,20,NB,175
sleeping,79,NB,175
otherWake,16,NB,175
eating,47,NB,175
otherWake,10,NB,175
drinking,30,NB,175
otherWake,150,NB,175
sleeping,292,NB,175
otherWake,101,NB,175
BA,22,NB,175
otherWake,17,NB,175
sleeping,141,NB,175
otherWake,75,NB,175
sleeping,217,NB,175
otherWake,32,NB,175
eating,112,NB,175
otherWake,70,NB,175
sleeping,153,NB,175
grooming,70,sham,124
otherWake,9,sham,124
drinking,8,sham,124
otherWake,62,sham,124
grooming,103,sham,124
otherWake,127,sham,124
eating,121,sham,124
otherWake,49,sham,124
grooming,68,sham,124
eating,130,sham,124
otherWake,8,sham,124
grooming,277,sham,124
otherWake,25,sham,124
climbing,54,sham,124
otherWake,17,sham,124
drinking,17,sham,124
otherWake,11,sham,124
climbing,21,sham,124
grooming,12,sham,124
otherWake,4,sham,124
drinking,11,sham,124
otherWake,6,sham,124
drinking,3,sham,124
grooming,5,sham,124
climbing,42,sham,124
otherWake,38,sham,124
climbing,14,sham,124
otherWake,6,sham,124
grooming,6,sham,124
otherWake,18,sham,124
eating,49,sham,124
BA,18,sham,124
eating,81,sham,124
grooming,30,sham,124
otherWake,21,sham,124
drinking,4,sham,124
otherWake,6,sham,124
grooming,31,sham,124
otherWake,4,sham,124
drinking,8,sham,124
grooming,7,sham,124
otherWake,9,sham,124
climbing,39,sham,124
grooming,552,sham,124
otherWake,10,sham,124
grooming,35,sham,124
eating,17,sham,124
grooming,19,sham,124
drinking,5,sham,124
otherWake,4,sham,124
climbing,55,sham,124
otherWake,6,sham,124
grooming,10,sham,124
otherWake,9,sham,124
climbing,18,sham,124
grooming,70,sham,124
eating,5,sham,124
grooming,13,sham,124
eating,121,sham,124
otherWake,13,sham,124
grooming,33,sham,124
otherWake,12,sham,124
grooming,5,sham,124
otherWake,9,sham,124
climbing,32,sham,124
otherWake,31,sham,124
climbing,34,sham,124
otherWake,8,sham,124
drinking,12,sham,124
otherWake,26,sham,124
climbing,18,sham,124
otherWake,21,sham,124
drinking,7,sham,124
climbing,45,sham,124
otherWake,24,sham,124
grooming,13,sham,124
otherWake,18,sham,124
climbing,46,sham,124
grooming,44,sham,124
otherWake,70,sham,124
grooming,4,sham,124
otherWake,7,sham,124
eating,194,sham,124
otherWake,23,sham,124
sleep,96,sham,124
otherWake,48,sham,124
grooming,21,sham,124
otherWake,6,sham,124
drinking,9,sham,124
otherWake,6,sham,124
grooming,133,sham,124
otherWake,7,sham,124
grooming,47,sham,124
BA,27,sham,124
grooming,4,sham,124
drinking,5,sham,124
grooming,8,sham,124
otherWake,18,sham,124
sleep,23,sham,124
otherWake,4,sham,124
drinking,6,sham,124
otherWake,50,sham,124
grooming,14,sham,124
otherWake,12,sham,124
sleep,207,sham,124
otherWake,33,sham,124
grooming,11,sham,124
eating,233,sham,124
grooming,223,sham,124
BA,10,sham,124
grooming,340,sham,124
BA,26,sham,124
grooming,59,sham,124
otherWake,25,sham,124
BA,17,sham,124
sleep,56,sham,124
grooming,4,sham,124
otherWake,16,sham,124
sleep,77,sham,124
otherWake,68,sham,124
sleep,150,sham,124
otherWake,43,sham,124
sleep,67,sham,124
grooming,490,sham,124
otherWake,10,sham,124
sleep,77,sham,124
grooming,14,sham,124
otherWake,16,sham,124
drinking,5,sham,124
eating,132,sham,124
otherWake,7,sham,124
grooming,9,sham,124
otherWake,3,sham,124
drinking,5,sham,124
otherWake,12,sham,124
climbing,24,sham,124
otherWake,8,sham,124
grooming,45,sham,124
otherWake,4,sham,124
climbing,30,sham,124
drinking,7,sham,124
climbing,19,sham,124
otherWake,4,sham,124
drinking,4,sham,124
otherWake,3,sham,124
climbing,106,sham,124
otherWake,11,sham,124
climbing,53,sham,124
otherWake,7,sham,124
drinking,7,sham,124
otherWake,5,sham,124
climbing,20,sham,124
grooming,16,sham,124
otherWake,3,sham,124
climbing,22,sham,124
BA,22,sham,124
otherWake,18,sham,124
eating,321,sham,124
otherWake,23,sham,124
drinking,12,sham,124
otherWake,59,sham,124
climbing,6,sham,124
otherWake,18,sham,124
climbing,36,sham,124
otherWake,3,sham,124
drinking,12,sham,124
otherWake,11,sham,124
climbing,11,sham,124
otherWake,28,sham,124
grooming,16,sham,124
otherWake,24,sham,124
BA,16,sham,124
otherWake,4,sham,124
eating,132,sham,124
BA,56,sham,124
eating,109,sham,124
otherWake,24,sham,124
drinking,19,sham,124
otherWake,10,sham,124
grooming,25,sham,124
otherWake,11,sham,124
sleep,87,sham,124
otherWake,25,sham,124
sleep,82,sham,124
otherWake,21,sham,124
grooming,12,sham,124
otherWake,299,sham,124
sleep,87,sham,124
otherWake,3,sham,124
grooming,4,sham,124
drinking,16,sham,124
otherWake,9,sham,124
grooming,305,sham,124
BA,126,sham,124
sleep,1128,sham,124
grooming,29,sham,124
otherWake,10,sham,124
grooming,34,sham,124
otherWake,90,sham,124
sleep,35,sham,124
otherWake,10,sham,124
grooming,57,sham,124
BA,138,sham,124
otherWake,17,sham,124
grooming,37,sham,124
otherWake,61,sham,124
grooming,186,sham,124
otherWake,15,sham,124
grooming,26,sham,124
otherWake,13,sham,124
eating,251,sham,124
otherWake,32,sham,124
grooming,229,sham,124
otherWake,5,sham,124
eating,4,sham,124
otherWake,18,sham,124
drinking,4,sham,124
otherWake,7,sham,124
climbing,30,sham,124
BA,21,sham,124
eating,10,sham,124
otherWake,18,sham,124
drinking,4,sham,124
otherWake,21,sham,124
climbing,7,sham,124
otherWake,47,sham,124
eating,11,sham,124
otherWake,15,sham,124
climbing,40,sham,124
otherWake,20,sham,124
eating,130,sham,124
drinking,13,sham,124
otherWake,15,sham,124
BA,17,sham,124
drinking,14,sham,124
otherWake,8,sham,124
climbing,16,sham,124
otherWake,24,sham,124
BA,19,sham,124
otherWake,6,sham,124
drinking,4,sham,124
otherWake,4,sham,124
climbing,21,sham,124
grooming,5,sham,124
otherWake,10,sham,124
climbing,20,sham,124
eating,135,sham,124
otherWake,4,sham,124
drinking,10,sham,124
otherWake,6,sham,124
grooming,34,sham,124
otherWake,5,sham,124
climbing,39,sham,124
otherWake,20,sham,124
eating,198,sham,124
BA,13,sham,124
eating,15,sham,124
otherWake,11,sham,124
grooming,8,sham,124
BA,32,sham,124
sleep,81,sham,124
otherWake,10,sham,124
drinking,20,sham,124
otherWake,22,sham,124
sleep,539,sham,124
grooming,25,sham,124
eating,46,sham,124
BA,23,sham,124
eating,50,sham,124
grooming,21,sham,124
sleep,367,sham,124
otherWake,3,sham,124
drinking,7,sham,124
otherWake,19,sham,124
drinking,18,sham,124
otherWake,8,sham,124
grooming,47,sham,124
otherWake,88,sham,124
grooming,30,sham,124
otherWake,40,sham,124
grooming,44,sham,124
otherWake,23,sham,124
grooming,20,sham,124
grooming,10,sham,146
otherWake,28,sham,146
sleep,304,sham,146
grooming,132,sham,146
otherWake,5,sham,146
eating,147,sham,146
otherWake,50,sham,146
drinking,12,sham,146
otherWake,15,sham,146
drinking,6,sham,146
otherWake,62,sham,146
grooming,7,sham,146
otherWake,102,sham,146
sleep,213,sham,146
grooming,109,sham,146
eating,162,sham,146
otherWake,30,sham,146
sleep,131,sham,146
otherWake,6,sham,146
drinking,17,sham,146
otherWake,35,sham,146
sleep,120,sham,146
grooming,5,sham,146
drinking,12,sham,146
grooming,5,sham,146
otherWake,15,sham,146
sleep,155,sham,146
grooming,55,sham,146
eating,151,sham,146
otherWake,120,sham,146
sleep,527,sham,146
grooming,29,sham,146
otherWake,21,sham,146
sleep,200,sham,146
grooming,363,sham,146
eating,222,sham,146
otherWake,6,sham,146
drinking,12,sham,146
otherWake,59,sham,146
drinking,16,sham,146
otherWake,79,sham,146
sleep,172,sham,146
otherWake,113,sham,146
sleep,79,sham,146
otherWake,20,sham,146
sleep,66,sham,146
otherWake,101,sham,146
sleep,51,sham,146
otherWake,80,sham,146
sleep,106,sham,146
otherWake,17,sham,146
grooming,375,sham,146
eating,258,sham,146
grooming,6,sham,146
otherWake,13,sham,146
drinking,31,sham,146
otherWake,66,sham,146
eating,107,sham,146
grooming,6,sham,146
otherWake,55,sham,146
grooming,16,sham,146
drinking,15,sham,146
otherWake,34,sham,146
climbing,17,sham,146
otherWake,37,sham,146
drinking,4,sham,146
otherWake,100,sham,146
BA,37,sham,146
otherWake,10,sham,146
sleep,290,sham,146
grooming,16,sham,146
otherWake,19,sham,146
eating,117,sham,146
otherWake,37,sham,146
BA,65,sham,146
eating,210,sham,146
BA,26,sham,146
grooming,14,sham,146
otherWake,9,sham,146
drinking,17,sham,146
otherWake,7,sham,146
sleep,378,sham,146
otherWake,20,sham,146
sleep,63,sham,146
otherWake,33,sham,146
sleep,127,sham,146
otherWake,47,sham,146
sleep,46,sham,146
otherWake,16,sham,146
sleep,214,sham,146
otherWake,139,sham,146
sleep,24,sham,146
otherWake,26,sham,146
grooming,294,sham,146
BA,18,sham,146
grooming,21,sham,146
eating,90,sham,146
otherWake,9,sham,146
drinking,8,sham,146
otherWake,31,sham,146
drinking,13,sham,146
BA,78,sham,146
grooming,117,sham,146
otherWake,22,sham,146
BA,13,sham,146
sleep,184,sham,146
otherWake,40,sham,146
sleep,25,sham,146
grooming,13,sham,146
otherWake,10,sham,146
eating,156,sham,146
otherWake,44,sham,146
sleep,52,sham,146
drinking,21,sham,146
otherWake,14,sham,146
grooming,97,sham,146
otherWake,48,sham,146
drinking,15,sham,146
otherWake,70,sham,146
sleep,60,sham,146
otherWake,164,sham,146
sleep,195,sham,146
otherWake,19,sham,146
grooming,38,sham,146
eating,372,sham,146
otherWake,19,sham,146
grooming,32,sham,146
otherWake,84,sham,146
sleep,18,sham,146
otherWake,38,sham,146
grooming,11,sham,146
sleep,188,sham,146
otherWake,6,sham,146
drinking,19,sham,146
otherWake,31,sham,146
sleep,159,sham,146
otherWake,21,sham,146
sleep,234,sham,146
otherWake,13,sham,146
sleep,190,sham,146
eating,197,sham,146
otherWake,10,sham,146
grooming,22,sham,146
otherWake,15,sham,146
grooming,148,sham,146
otherWake,7,sham,146
drinking,14,sham,146
otherWake,78,sham,146
drinking,7,sham,146
otherWake,22,sham,146
grooming,38,sham,146
otherWake,39,sham,146
drinking,18,sham,146
otherWake,95,sham,146
sleep,188,sham,146
otherWake,86,sham,146
sleep,180,sham,146
otherWake,22,sham,146
eating,214,sham,146
otherWake,36,sham,146
BA,121,sham,146
otherWake,55,sham,146
sleep,67,sham,146
eating,171,sham,146
BA,29,sham,146
eating,89,sham,146
grooming,38,sham,146
otherWake,14,sham,146
drinking,18,sham,146
otherWake,16,sham,146
grooming,266,sham,146
drinking,16,sham,146
otherWake,84,sham,146
sleep,203,sham,146
otherWake,27,sham,146
sleep,200,sham,146
otherWake,39,sham,146
sleep,32,sham,146
eating,60,sham,157
otherWake,57,sham,157
drinking,3,sham,157
otherWake,12,sham,157
climbing,48,sham,157
otherWake,10,sham,157
grooming,36,sham,157
climbing,20,sham,157
otherWake,10,sham,157
eating,68,sham,157
otherWake,6,sham,157
climbing,14,sham,157
otherWake,30,sham,157
sleep,403,sham,157
otherWake,85,sham,157
grooming,80,sham,157
otherWake,43,sham,157
BA,38,sham,157
otherWake,89,sham,157
BA,42,sham,157
otherWake,57,sham,157
drinking,3,sham,157
grooming,43,sham,157
otherWake,6,sham,157
eating,3,sham,157
otherWake,10,sham,157
eating,14,sham,157
otherWake,34,sham,157
BA,12,sham,157
eating,14,sham,157
otherWake,7,sham,157
BA,48,sham,157
otherWake,8,sham,157
eating,20,sham,157
grooming,40,sham,157
otherWake,26,sham,157
sleep,322,sham,157
grooming,10,sham,157
otherWake,58,sham,157
sleep,62,sham,157
grooming,174,sham,157
sleep,17,sham,157
otherWake,70,sham,157
grooming,29,sham,157
otherWake,15,sham,157
grooming,35,sham,157
otherWake,36,sham,157
eating,21,sham,157
otherWake,46,sham,157
BA,110,sham,157
otherWake,8,sham,157
eating,73,sham,157
grooming,27,sham,157
eating,39,sham,157
otherWake,54,sham,157
drinking,10,sham,157
climbing,13,sham,157
otherWake,12,sham,157
eating,46,sham,157
otherWake,5,sham,157
eating,107,sham,157
grooming,14,sham,157
otherWake,5,sham,157
BA,57,sham,157
sleep,415,sham,157
eating,26,sham,157
grooming,6,sham,157
otherWake,12,sham,157
grooming,64,sham,157
otherWake,14,sham,157
eating,31,sham,157
otherWake,36,sham,157
BA,38,sham,157
sleep,167,sham,157
eating,26,sham,157
otherWake,27,sham,157
sleep,152,sham,157
eating,52,sham,157
otherWake,56,sham,157
sleep,109,sham,157
grooming,23,sham,157
eating,44,sham,157
BA,67,sham,157
otherWake,10,sham,157
grooming,10,sham,157
otherWake,29,sham,157
sleep,27,sham,157
otherWake,4,sham,157
eating,38,sham,157
grooming,10,sham,157
eating,120,sham,157
otherWake,61,sham,157
sleep,39,sham,157
otherWake,8,sham,157
drinking,18,sham,157
otherWake,14,sham,157
eating,15,sham,157
otherWake,44,sham,157
sleep,48,sham,157
otherWake,18,sham,157
sleep,104,sham,157
otherWake,64,sham,157
sleep,38,sham,157
otherWake,8,sham,157
grooming,81,sham,157
BA,16,sham,157
grooming,5,sham,157
otherWake,12,sham,157
eating,31,sham,157
otherWake,37,sham,157
sleep,35,sham,157
otherWake,7,sham,157
eating,19,sham,157
otherWake,16,sham,157
drinking,10,sham,157
otherWake,54,sham,157
sleep,62,sham,157
otherWake,29,sham,157
sleep,192,sham,157
otherWake,6,sham,157
eating,95,sham,157
otherWake,20,sham,157
climbing,17,sham,157
BA,31,sham,157
sleep,100,sham,157
eating,224,sham,157
otherWake,41,sham,157
sleep,60,sham,157
otherWake,11,sham,157
drinking,33,sham,157
otherWake,26,sham,157
grooming,57,sham,157
BA,32,sham,157
otherWake,16,sham,157
eating,92,sham,157
grooming,5,sham,157
otherWake,14,sham,157
climbing,21,sham,157
otherWake,15,sham,157
grooming,40,sham,157
otherWake,14,sham,157
climbing,53,sham,157
otherWake,6,sham,157
drinking,11,sham,157
otherWake,8,sham,157
eating,298,sham,157
otherWake,17,sham,157
grooming,14,sham,157
drinking,10,sham,157
BA,21,sham,157
drinking,23,sham,157
otherWake,34,sham,157
drinking,7,sham,157
otherWake,9,sham,157
climbing,35,sham,157
grooming,13,sham,157
BA,31,sham,157
otherWake,10,sham,157
drinking,6,sham,157
otherWake,23,sham,157
eating,5,sham,157
otherWake,6,sham,157
climbing,31,sham,157
otherWake,14,sham,157
eating,59,sham,157
otherWake,6,sham,157
grooming,13,sham,157
otherWake,3,sham,157
climbing,9,sham,157
otherWake,15,sham,157
drinking,14,sham,157
otherWake,11,sham,157
climbing,25,sham,157
otherWake,4,sham,157
grooming,16,sham,157
otherWake,9,sham,157
drinking,9,sham,157
otherWake,29,sham,157
sleep,403,sham,157
eating,67,sham,157
BA,29,sham,157
sleep,52,sham,157
eating,43,sham,157
otherWake,30,sham,157
sleep,98,sham,157
otherWake,10,sham,157
eating,126,sham,157
otherWake,34,sham,157
climbing,7,sham,157
otherWake,6,sham,157
drinking,2,sham,157
otherWake,15,sham,157
climbing,30,sham,157
otherWake,23,sham,157
BA,29,sham,157
drinking,35,sham,157
otherWake,16,sham,157
sleep,51,sham,157
otherWake,9,sham,157
eating,28,sham,157
otherWake,6,sham,157
eating,32,sham,157
otherWake,9,sham,157
grooming,12,sham,157
BA,12,sham,157
eating,90,sham,157
otherWake,25,sham,157
sleep,245,sham,157
eating,17,sham,157
otherWake,22,sham,157
eating,54,sham,157
otherWake,28,sham,157
eating,265,sham,157
otherWake,46,sham,157
sleep,15,sham,157
drinking,21,sham,157
otherWake,65,sham,157
BA,18,sham,157
otherWake,46,sham,157
BA,28,sham,157
drinking,13,sham,157
otherWake,46,sham,157
climbing,32,sham,157
otherWake,34,sham,157
drinking,13,sham,157
otherWake,16,sham,157
climbing,29,sham,157
otherWake,10,sham,157
grooming,16,sham,157
BA,22,sham,157
otherWake,15,sham,157
eating,101,sham,157
otherWake,57,sham,157
climbing,29,sham,157
otherWake,27,sham,157
BA,19,sham,157
otherWake,30,sham,157
climbing,29,sham,157
otherWake,144,sham,157
BA,179,sham,157
otherWake,84,sham,157
eating,345,sham,157
sleep,304,sham,157
otherWake,14,sham,157
drinking,22,sham,157
otherWake,15,sham,157
drinking,6,sham,157
otherWake,45,sham,157
sleep,70,sham,157
otherWake,3,sham,157
drinking,18,sham,157
otherWake,119,sham,157
sleep,191,sham,157
eating,37,sham,157
otherWake,76,sham,157
drinking,13,sham,157
otherWake,7,sham,157
climbing,52,sham,157
otherWake,17,sham,157
BA,47,sham,157
otherWake,15,sham,157
sleep,85,sham,157
otherWake,24,sham,157
sleep,323,sham,157
otherWake,88,sham,157
sleep,95,sham,157
otherWake,43,sham,157
sleep,417,sham,157
grooming,119,sham,157
otherWake,19,sham,157
drinking,11,sham,157
otherWake,18,sham,157
eating,332,sham,157
otherWake,17,sham,157
grooming,48,sham,157
drinking,20,sham,157
otherWake,37,sham,157
climbing,60,sham,157
drinking,21,sham,157
otherWake,34,sham,157
sleep,212,sham,157
otherWake,37,sham,173
sleep,47,sham,173
otherWake,5,sham,173
grooming,8,sham,173
otherWake,38,sham,173
sleep,207,sham,173
otherWake,11,sham,173
grooming,43,sham,173
otherWake,8,sham,173
eating,115,sham,173
grooming,6,sham,173
otherWake,10,sham,173
drinking,14,sham,173
otherWake,25,sham,173
sleep,228,sham,173
otherWake,27,sham,173
sleep,197,sham,173
otherWake,25,sham,173
sleep,277,sham,173
grooming,9,sham,173
otherWake,7,sham,173
eating,81,sham,173
otherWake,16,sham,173
eating,12,sham,173
otherWake,13,sham,173
grooming,261,sham,173
otherWake,51,sham,173
grooming,79,sham,173
otherWake,39,sham,173
grooming,19,sham,173
otherWake,11,sham,173
grooming,220,sham,173
otherWake,39,sham,173
drinking,19,sham,173
otherWake,18,sham,173
sleep,107,sham,173
grooming,353,sham,173
eating,14,sham,173
grooming,22,sham,173
otherWake,6,sham,173
eating,60,sham,173
grooming,6,sham,173
otherWake,26,sham,173
grooming,26,sham,173
otherWake,44,sham,173
grooming,7,sham,173
otherWake,17,sham,173
climbing,13,sham,173
otherWake,31,sham,173
climbing,13,sham,173
otherWake,77,sham,173
drinking,11,sham,173
otherWake,45,sham,173
eating,16,sham,173
otherWake,16,sham,173
grooming,16,sham,173
otherWake,37,sham,173
eating,154,sham,173
grooming,28,sham,173
otherWake,102,sham,173
grooming,18,sham,173
otherWake,50,sham,173
drinking,3,sham,173
otherWake,4,sham,173
climbing,17,sham,173
otherWake,14,sham,173
BA,26,sham,173
eating,84,sham,173
otherWake,206,sham,173
eating,18,sham,173
otherWake,33,sham,173
sleep,42,sham,173
otherWake,15,sham,173
sleep,22,sham,173
grooming,65,sham,173
BA,10,sham,173
sleep,68,sham,173
otherWake,26,sham,173
eating,13,sham,173
otherWake,8,sham,173
grooming,12,sham,173
otherWake,36,sham,173
drinking,8,sham,173
otherWake,36,sham,173
grooming,26,sham,173
otherWake,4,sham,173
drinking,13,sham,173
otherWake,111,sham,173
grooming,5,sham,173
eating,84,sham,173
otherWake,215,sham,173
grooming,10,sham,173
eating,24,sham,173
otherWake,10,sham,173
grooming,8,sham,173
otherWake,17,sham,173
grooming,9,sham,173
otherWake,22,sham,173
grooming,15,sham,173
otherWake,30,sham,173
BA,86,sham,173
otherWake,21,sham,173
eating,93,sham,173
otherWake,21,sham,173
grooming,5,sham,173
otherWake,4,sham,173
drinking,6,sham,173
otherWake,28,sham,173
grooming,55,sham,173
otherWake,11,sham,173
grooming,25,sham,173
otherWake,11,sham,173
grooming,156,sham,173
otherWake,11,sham,173
grooming,3,sham,173
otherWake,15,sham,173
grooming,25,sham,173
otherWake,54,sham,173
grooming,8,sham,173
otherWake,61,sham,173
drinking,12,sham,173
otherWake,16,sham,173
grooming,6,sham,173
otherWake,118,sham,173
eating,55,sham,173
otherWake,126,sham,173
sleep,26,sham,173
otherWake,38,sham,173
drinking,8,sham,173
otherWake,79,sham,173
BA,75,sham,173
otherWake,7,sham,173
grooming,11,sham,173
otherWake,6,sham,173
eating,89,sham,173
otherWake,16,sham,173
grooming,110,sham,173
otherWake,19,sham,173
drinking,6,sham,173
otherWake,19,sham,173
climbing,12,sham,173
otherWake,101,sham,173
sleep,17,sham,173
otherWake,35,sham,173
sleep,75,sham,173
otherWake,36,sham,173
eating,7,sham,173
grooming,293,sham,173
BA,19,sham,173
eating,52,sham,173
otherWake,43,sham,173
climbing,10,sham,173
otherWake,17,sham,173
drinking,6,sham,173
climbing,6,sham,173
grooming,10,sham,173
otherWake,163,sham,173
drinking,6,sham,173
otherWake,57,sham,173
BA,51,sham,173
otherWake,10,sham,173
eating,114,sham,173
grooming,12,sham,173
otherWake,5,sham,173
drinking,12,sham,173
otherWake,56,sham,173
grooming,15,sham,173
otherWake,23,sham,173
drinking,7,sham,173
climbing,19,sham,173
grooming,33,sham,173
otherWake,53,sham,173
BA,23,sham,173
otherWake,66,sham,173
grooming,43,sham,173
eating,130,sham,173
otherWake,23,sham,173
grooming,101,sham,173
otherWake,27,sham,173
BA,10,sham,173
otherWake,53,sham,173
sleep,45,sham,173
otherWake,23,sham,173
grooming,30,sham,173
BA,10,sham,173
otherWake,12,sham,173
BA,52,sham,173
sleep,36,sham,173
otherWake,42,sham,173
grooming,27,sham,173
otherWake,9,sham,173
grooming,17,sham,173
otherWake,40,sham,173
sleep,23,sham,173
otherWake,22,sham,173
sleep,50,sham,173
otherWake,38,sham,173
sleep,84,sham,173
otherWake,36,sham,173
sleep,103,sham,173
otherWake,5,sham,173
eating,119,sham,173
otherWake,5,sham,173
grooming,5,sham,173
otherWake,42,sham,173
sleep,29,sham,173
otherWake,13,sham,173
sleep,117,sham,173
otherWake,32,sham,173
sleep,66,sham,173
otherWake,33,sham,173
sleep,88,sham,173
otherWake,20,sham,173
sleep,150,sham,173
otherWake,19,sham,173
grooming,21,sham,173
otherWake,37,sham,173
grooming,137,sham,173
otherWake,10,sham,173
grooming,219,sham,173
otherWake,10,sham,173
grooming,25,sham,173
otherWake,98,sham,173
drinking,9,sham,173
climbing,16,sham,173
otherWake,74,sham,173
drinking,12,sham,173
otherWake,79,sham,173
grooming,9,sham,173
otherWake,22,sham,173
BA,13,sham,173
eating,23,sham,173
otherWake,63,sham,173
sleep,34,sham,173
grooming,143,sham,173
eating,78,sham,173
otherWake,21,sham,173
grooming,10,sham,173
otherWake,87,sham,173
BA,17,sham,173
sleep,91,sham,173
otherWake,26,sham,173
eating,125,sham,173
otherWake,27,sham,173
sleep,14,sham,173
otherWake,49,sham,173
BA,47,sham,173
otherWake,10,sham,173
eating,13,sham,173
otherWake,41,sham,173
sleep,15,sham,173
otherWake,18,sham,173
sleep,46,sham,173
otherWake,25,sham,173
sleep,37,sham,173
otherWake,8,sham,173
grooming,145,sham,173
BA,56,sham,173
otherWake,25,sham,173
eating,138,sham,173
otherWake,13,sham,173
sleep,164,sham,173
otherWake,28,sham,173
sleep,66,sham,173
eating,87,sham,173
otherWake,19,sham,173
sleep,103,sham,173
otherWake,23,sham,173
sleep,195,sham,173
otherWake,41,sham,173
grooming,6,sham,173
drinking,8,sham,173
otherWake,24,sham,173
grooming,12,sham,173
otherWake,3,sham,173
drinking,18,sham,173
otherWake,20,sham,173
grooming,42,sham,173
otherWake,17,sham,173
grooming,88,sham,173
otherWake,25,sham,173
grooming,41,sham,173
otherWake,10,sham,173
grooming,16,sham,173
otherWake,51,sham,173
drinking,3,sham,173
otherWake,30,sham,173
climbing,5,sham,173
drinking,2,sham,173
climbing,11,sham,173
otherWake,13,sham,173
climbing,5,sham,173
otherWake,23,sham,173
grooming,4,sham,173
otherWake,36,sham,173
BA,11,sham,173
otherWake,5,sham,173
eating,36,sham,173
otherWake,17,sham,173
grooming,15,sham,173
otherWake,72,sham,173
drinking,7,sham,173
otherWake,100,sham,173
sleep,14,sham,173
eating,7,sham,173
otherWake,42,sham,173
sleep,95,sham,173
otherWake,7,sham,173
eating,184,sham,173
otherWake,35,sham,173
sleep,99,sham,173
otherWake,17,sham,173
grooming,17,sham,173
otherWake,34,sham,173
sleep,6,sham,173
otherWake,29,sham,173
sleep,44,sham,173
grooming,10,sham,173
otherWake,30,sham,173
sleep,164,sham,173
otherWake,58,sham,173
sleep,22,sham,173
otherWake,22,sham,173
sleep,84,sham,173
otherWake,14,sham,173
eating,106,sham,173
grooming,9,sham,170
otherWake,37,sham,170
eating,21,sham,170
otherWake,57,sham,170
drinking,6,sham,170
otherWake,89,sham,170
drinking,4,sham,170
otherWake,183,sham,170
eating,192,sham,170
otherWake,19,sham,170
drinking,20,sham,170
otherWake,22,sham,170
grooming,280,sham,170
BA,26,sham,170
sleeping,252,sham,170
otherWake,6,sham,170
grooming,477,sham,170
otherWake,20,sham,170
eating,200,sham,170
otherWake,15,sham,170
drinking,8,sham,170
otherWake,9,sham,170
BA,39,sham,170
otherWake,28,sham,170
BA,43,sham,170
sleeping,249,sham,170
grooming,335,sham,170
otherWake,12,sham,170
eating,39,sham,170
otherWake,73,sham,170
drinking,12,sham,170
otherWake,201,sham,170
grooming,7,sham,170
drinking,4,sham,170
otherWake,134,sham,170
eating,13,sham,170
otherWake,33,sham,170
drinking,14,sham,170
otherWake,67,sham,170
eating,22,sham,170
otherWake,109,sham,170
grooming,16,sham,170
otherWake,33,sham,170
eating,280,sham,170
otherWake,89,sham,170
eating,240,sham,170
otherWake,14,sham,170
drinking,17,sham,170
otherWake,134,sham,170
eating,50,sham,170
otherWake,9,sham,170
grooming,20,sham,170
otherWake,230,sham,170
eating,45,sham,170
otherWake,57,sham,170
eating,15,sham,170
otherWake,81,sham,170
grooming,454,sham,170
BA,56,sham,170
grooming,3,sham,170
sleeping,186,sham,170
grooming,339,sham,170
BA,32,sham,170
grooming,29,sham,170
BA,52,sham,170
sleeping,240,sham,170
grooming,59,sham,170
otherWake,10,sham,170
eating,244,sham,170
otherWake,7,sham,170
drinking,23,sham,170
otherWake,41,sham,170
sleeping,19,sham,170
otherWake,82,sham,170
sleeping,240,sham,170
otherWake,4,sham,170
grooming,31,sham,170
sleeping,452,sham,170
grooming,44,sham,170
otherWake,6,sham,170
eating,193,sham,170
otherWake,26,sham,170
sleeping,722,sham,170
grooming,765,sham,170
otherWake,8,sham,170
drinking,12,sham,170
otherWake,18,sham,170
drinking,8,sham,170
otherWake,73,sham,170
drinking,13,sham,170
otherWake,75,sham,170
eating,182,sham,170
otherWake,73,sham,170
drinking,8,sham,170
otherWake,29,sham,170
grooming,16,sham,170
sleeping,557,sham,170
grooming,336,sham,170
BA,22,sham,170
grooming,88,sham,170
BA,17,sham,170
grooming,170,sham,170
BA,11,sham,170
grooming,34,sham,170
BA,10,sham,170
grooming,61,sham,170
BA,14,sham,170
grooming,65,sham,170
BA,115,sham,170
grooming,392,sham,170
otherWake,320,sham,170
eating,412,sham,170
otherWake,23,sham,170
drinking,19,sham,170
otherWake,51,sham,170
drinking,8,sham,170
otherWake,57,sham,170
BA,17,sham,170
otherWake,44,sham,170
drinking,8,sham,170
otherWake,113,sham,170
eating,155,sham,170
otherWake,47,sham,170
grooming,36,sham,170
otherWake,60,sham,170
eating,39,sham,170
otherWake,31,sham,170
eating,47,sham,170
otherWake,110,sham,170
grooming,53,sham,170
otherWake,140,sham,170
grooming,30,sham,170
BA,40,sham,170
grooming,147,sham,170
sleeping,501,sham,170
grooming,19,sham,170
eating,259,sham,170
otherWake,27,sham,170
drinking,19,sham,170
otherWake,18,sham,170
sleeping,52,sham,170
grooming,401,sham,170
grooming,76,sham,196
otherWake,18,sham,196
sleeping,490,sham,196
grooming,11,sham,196
otherWake,7,sham,196
eating,119,sham,196
otherWake,157,sham,196
climbing,21,sham,196
otherWake,39,sham,196
drinking,6,sham,196
otherWake,18,sham,196
climbing,34,sham,196
otherWake,62,sham,196
climbing,33,sham,196
otherWake,28,sham,196
drinking,11,sham,196
otherWake,97,sham,196
climbing,15,sham,196
otherWake,20,sham,196
climbing,19,sham,196
otherWake,108,sham,196
grooming,9,sham,196
otherWake,30,sham,196
grooming,20,sham,196
otherWake,175,sham,196
climbing,71,sham,196
otherWake,32,sham,196
eating,13,sham,196
otherWake,56,sham,196
grooming,12,sham,196
otherWake,7,sham,196
climbing,41,sham,196
otherWake,17,sham,196
grooming,7,sham,196
otherWake,8,sham,196
climbing,27,sham,196
otherWake,157,sham,196
climbing,21,sham,196
otherWake,18,sham,196
climbing,16,sham,196
otherWake,14,sham,196
grooming,12,sham,196
otherWake,50,sham,196
grooming,12,sham,196
otherWake,218,sham,196
climbing,5,sham,196
otherWake,16,sham,196
climbing,30,sham,196
otherWake,21,sham,196
climbing,15,sham,196
otherWake,21,sham,196
climbing,6,sham,196
otherWake,108,sham,196
climbing,22,sham,196
otherWake,69,sham,196
climbing,27,sham,196
otherWake,3,sham,196
eating,128,sham,196
otherWake,83,sham,196
grooming,73,sham,196
otherWake,37,sham,196
climbing,4,sham,196
otherWake,73,sham,196
eating,15,sham,196
otherWake,213,sham,196
grooming,4,sham,196
otherWake,15,sham,196
climbing,64,sham,196
otherWake,16,sham,196
drinking,11,sham,196
otherWake,9,sham,196
climbing,27,sham,196
otherWake,12,sham,196
climbing,98,sham,196
otherWake,42,sham,196
climbing,24,sham,196
otherWake,16,sham,196
climbing,22,sham,196
otherWake,59,sham,196
grooming,10,sham,196
otherWake,17,sham,196
grooming,77,sham,196
otherWake,14,sham,196
grooming,16,sham,196
eating,85,sham,196
otherWake,95,sham,196
BA,36,sham,196
otherWake,36,sham,196
BA,24,sham,196
otherWake,24,sham,196
eating,109,sham,196
otherWake,37,sham,196
grooming,88,sham,196
otherWake,22,sham,196
BA,65,sham,196
otherWake,27,sham,196
grooming,106,sham,196
BA,65,sham,196
grooming,9,sham,196
otherWake,19,sham,196
sleeping,244,sham,196
otherWake,20,sham,196
sleeping,129,sham,196
otherWake,29,sham,196
sleeping,266,sham,196
otherWake,32,sham,196
sleeping,23,sham,196
otherWake,34,sham,196
eating,94,sham,196
otherWake,7,sham,196
drinking,4,sham,196
otherWake,14,sham,196
drinking,7,sham,196
otherWake,224,sham,196
sleeping,74,sham,196
otherWake,29,sham,196
eating,96,sham,196
otherWake,31,sham,196
grooming,10,sham,196
otherWake,288,sham,196
sleeping,24,sham,196
otherWake,50,sham,196
sleeping,173,sham,196
otherWake,18,sham,196
eating,104,sham,196
otherWake,5,sham,196
drinking,5,sham,196
otherWake,10,sham,196
grooming,61,sham,196
otherWake,86,sham,196
grooming,240,sham,196
BA,10,sham,196
grooming,27,sham,196
otherWake,65,sham,196
grooming,158,sham,196
otherWake,93,sham,196
drinking,5,sham,196
otherWake,25,sham,196
grooming,3,sham,196
otherWake,210,sham,196
grooming,200,sham,196
otherWake,51,sham,196
climbing,16,sham,196
otherWake,44,sham,196
climbing,29,sham,196
otherWake,4,sham,196
eating,72,sham,196
otherWake,23,sham,196
climbing,36,sham,196
otherWake,8,sham,196
climbing,48,sham,196
otherWake,7,sham,196
climbing,17,sham,196
otherWake,16,sham,196
climbing,26,sham,196
otherWake,39,sham,196
drinking,11,sham,196
otherWake,8,sham,196
grooming,8,sham,196
otherWake,157,sham,196
eating,22,sham,196
otherWake,49,sham,196
grooming,7,sham,196
otherWake,30,sham,196
climbing,78,sham,196
otherWake,23,sham,196
climbing,23,sham,196
otherWake,79,sham,196
climbing,28,sham,196
otherWake,16,sham,196
climbing,32,sham,196
otherWake,37,sham,196
eating,91,sham,196
BA,22,sham,196
eating,22,sham,196
otherWake,10,sham,196
drinking,10,sham,196
otherWake,101,sham,196
BA,24,sham,196
eating,50,sham,196
otherWake,53,sham,196
sleeping,23,sham,196
otherWake,14,sham,196
grooming,62,sham,196
otherWake,32,sham,196
sleeping,93,sham,196
otherWake,14,sham,196
eating,67,sham,196
BA,26,sham,196
otherWake,12,sham,196
drinking,8,sham,196
otherWake,134,sham,196
drinking,8,sham,196
otherWake,33,sham,196
sleeping,221,sham,196
otherWake,38,sham,196
sleeping,299,sham,196
otherWake,30,sham,196
sleeping,98,sham,196
grooming,13,sham,196
otherWake,8,sham,196
eating,120,sham,196
otherWake,33,sham,196
sleeping,154,sham,196
otherWake,41,sham,196
sleeping,156,sham,196
otherWake,14,sham,196
drinking,14,sham,196
otherWake,38,sham,196
sleeping,23,sham,196
grooming,71,sham,196
BA,24,sham,196
sleeping,182,sham,196
grooming,15,sham,196
sleeping,27,sham,196
otherWake,24,sham,196
sleeping,159,sham,196
otherWake,10,sham,196
sleeping,243,sham,196
otherWake,15,sham,196
eating,69,sham,196
BA,10,sham,196
eating,41,sham,196
grooming,8,sham,196
otherWake,12,sham,196
grooming,661,sham,196
otherWake,10,sham,196
grooming,29,sham,196
otherWake,114,sham,196
grooming,169,sham,196
otherWake,32,sham,196
drinking,7,sham,196
otherWake,45,sham,196
grooming,11,sham,196
otherWake,17,sham,196
drinking,6,sham,196
grooming,16,sham,196
otherWake,31,sham,196
climbing,12,sham,196
otherWake,32,sham,196
BA,15,sham,196
otherWake,39,sham,196
climbing,119,sham,196
otherWake,7,sham,196
drinking,11,sham,196
otherWake,31,sham,196
climbing,95,sham,196
otherWake,24,sham,196
eating,139,sham,196
otherWake,83,sham,196
grooming,59,sham,196
otherWake,16,sham,196
climbing,51,sham,196
otherWake,9,sham,196
climbing,9,sham,196
otherWake,143,sham,196
drinking,4,sham,196
otherWake,44,sham,196
climbing,31,sham,196
otherWake,24,sham,196
eating,50,sham,196
otherWake,15,sham,196
drinking,6,sham,196
otherWake,10,sham,196
climbing,13,sham,196
otherWake,76,sham,196
sleeping,21,sham,196
otherWake,4,sham,196
eating,69,sham,196
otherWake,33,sham,196
grooming,17,sham,196
sleep,237,txcb,88
otherWake,8,txcb,88
eating,75,txcb,88
otherWake,38,txcb,88
grooming,10,txcb,88
otherWake,3,txcb,88
sleep,44,txcb,88
otherWake,25,txcb,88
sleep,172,txcb,88
grooming,10,txcb,88
otherWake,39,txcb,88
eating,44,txcb,88
otherWake,83,txcb,88
sleep,472,txcb,88
otherWake,16,txcb,88
sleep,686,txcb,88
grooming,224,txcb,88
sleep,291,txcb,88
grooming,22,txcb,88
eating,6,txcb,88
otherWake,25,txcb,88
eating,64,txcb,88
otherWake,55,txcb,88
drinking,8,txcb,88
otherWake,56,txcb,88
grooming,43,txcb,88
sleep,228,txcb,88
otherWake,11,txcb,88
grooming,9,txcb,88
otherWake,26,txcb,88
grooming,79,txcb,88
sleep,160,txcb,88
otherWake,16,txcb,88
sleep,236,txcb,88
grooming,32,txcb,88
otherWake,50,txcb,88
sleep,537,txcb,88
grooming,110,txcb,88
otherWake,18,txcb,88
eating,144,txcb,88
otherWake,198,txcb,88
drinking,15,txcb,88
otherWake,90,txcb,88
eating,77,txcb,88
otherWake,26,txcb,88
sleep,220,txcb,88
otherWake,28,txcb,88
eating,16,txcb,88
otherWake,26,txcb,88
grooming,90,txcb,88
sleep,428,txcb,88
otherWake,6,txcb,88
grooming,414,txcb,88
otherWake,9,txcb,88
eating,36,txcb,88
otherWake,26,txcb,88
grooming,5,txcb,88
eating,63,txcb,88
otherWake,100,txcb,88
grooming,5,txcb,88
otherWake,10,txcb,88
eating,30,txcb,88
otherWake,23,txcb,88
eating,41,txcb,88
otherWake,104,txcb,88
eating,11,txcb,88
otherWake,8,txcb,88
drinking,3,txcb,88
otherWake,21,txcb,88
BA,41,txcb,88
sleep,88,txcb,88
otherWake,39,txcb,88
eating,194,txcb,88
otherWake,7,txcb,88
drinking,38,txcb,88
otherWake,15,txcb,88
sleep,41,txcb,88
otherWake,35,txcb,88
sleep,211,txcb,88
otherWake,29,txcb,88
sleep,52,txcb,88
otherWake,127,txcb,88
drinking,15,txcb,88
otherWake,23,txcb,88
eating,9,txcb,88
otherWake,115,txcb,88
eating,14,txcb,88
otherWake,19,txcb,88
drinking,4,txcb,88
otherWake,43,txcb,88
eating,11,txcb,88
otherWake,143,txcb,88
eating,56,txcb,88
otherWake,64,txcb,88
grooming,71,txcb,88
otherWake,3,txcb,88
drinking,11,txcb,88
otherWake,105,txcb,88
grooming,7,txcb,88
otherWake,53,txcb,88
eating,71,txcb,88
grooming,20,txcb,88
otherWake,79,txcb,88
grooming,3,txcb,88
otherWake,56,txcb,88
eating,43,txcb,88
otherWake,214,txcb,88
grooming,4,txcb,88
otherWake,324,txcb,88
eating,97,txcb,88
otherWake,30,txcb,88
drinking,5,txcb,88
otherWake,79,txcb,88
grooming,173,txcb,88
BA,76,txcb,88
grooming,50,txcb,88
otherWake,13,txcb,88
grooming,271,txcb,88
BA,91,txcb,88
otherWake,28,txcb,88
sleep,163,txcb,88
otherWake,22,txcb,88
eating,165,txcb,88
otherWake,15,txcb,88
drinking,15,txcb,88
otherWake,74,txcb,88
drinking,6,txcb,88
otherWake,37,txcb,88
climbing,10,txcb,88
drinking,6,txcb,88
otherWake,7,txcb,88
climbing,9,txcb,88
otherWake,6,txcb,88
drinking,5,txcb,88
otherWake,6,txcb,88
climbing,7,txcb,88
otherWake,13,txcb,88
climbing,15,txcb,88
drinking,3,txcb,88
otherWake,93,txcb,88
BA,28,txcb,88
otherWake,15,txcb,88
drinking,21,txcb,88
otherWake,63,txcb,88
BA,25,txcb,88
grooming,10,txcb,88
otherWake,33,txcb,88
sleep,166,txcb,88
otherWake,13,txcb,88
grooming,50,txcb,88
otherWake,9,txcb,88
eating,17,txcb,88
otherWake,25,txcb,88
eating,176,txcb,88
otherWake,65,txcb,88
sleep,404,txcb,88
otherWake,24,txcb,88
drinking,21,txcb,88
otherWake,277,txcb,88
grooming,9,txcb,88
otherWake,58,txcb,88
drinking,10,txcb,88
otherWake,36,txcb,88
grooming,27,txcb,88
BA,13,txcb,88
grooming,12,txcb,88
BA,35,txcb,88
grooming,19,txcb,88
sleep,189,txcb,88
otherWake,22,txcb,88
grooming,207,txcb,88
BA,53,txcb,88
sleep,114,txcb,88
otherWake,25,txcb,88
sleep,218,txcb,88
otherWake,15,txcb,88
grooming,10,txcb,88
sleep,567,txcb,88
otherWake,22,txcb,88
sleep,25,txcb,88
otherWake,4,txcb,88
grooming,104,txcb,88
BA,16,txcb,88
sleep,137,txcb,88
otherWake,33,txcb,88
sleep,395,txcb,88
grooming,39,txcb,88
otherWake,18,txcb,88
eating,13,txcb,88
sleep,191,txcb,93
otherWake,49,txcb,93
eating,56,txcb,93
otherWake,234,txcb,93
drinking,11,txcb,93
otherWake,45,txcb,93
grooming,12,txcb,93
otherWake,153,txcb,93
eating,51,txcb,93
otherWake,63,txcb,93
eating,31,txcb,93
otherWake,164,txcb,93
drinking,3,txcb,93
otherWake,18,txcb,93
eating,19,txcb,93
grooming,110,txcb,93
otherWake,10,txcb,93
grooming,121,txcb,93
otherWake,71,txcb,93
eating,25,txcb,93
BA,28,txcb,93
eating,65,txcb,93
BA,22,txcb,93
sleep,149,txcb,93
otherWake,50,txcb,93
sleep,110,txcb,93
otherWake,45,txcb,93
sleep,121,txcb,93
otherWake,10,txcb,93
sleep,253,txcb,93
otherWake,12,txcb,93
grooming,366,txcb,93
otherWake,40,txcb,93
eating,38,txcb,93
otherWake,43,txcb,93
drinking,3,txcb,93
otherWake,94,txcb,93
eating,28,txcb,93
otherWake,42,txcb,93
drinking,16,txcb,93
otherWake,49,txcb,93
eating,75,txcb,93
otherWake,18,txcb,93
grooming,10,txcb,93
otherWake,42,txcb,93
sleep,39,txcb,93
otherWake,36,txcb,93
sleep,123,txcb,93
otherWake,5,txcb,93
eating,82,txcb,93
otherWake,23,txcb,93
eating,66,txcb,93
otherWake,16,txcb,93
grooming,87,txcb,93
BA,27,txcb,93
sleep,64,txcb,93
otherWake,9,txcb,93
drinking,12,txcb,93
otherWake,100,txcb,93
eating,14,txcb,93
otherWake,105,txcb,93
eating,37,txcb,93
otherWake,81,txcb,93
BA,27,txcb,93
otherWake,30,txcb,93
drinking,11,txcb,93
otherWake,20,txcb,93
BA,44,txcb,93
otherWake,3,txcb,93
eating,123,txcb,93
otherWake,20,txcb,93
grooming,56,txcb,93
BA,21,txcb,93
grooming,70,txcb,93
eating,19,txcb,93
otherWake,30,txcb,93
BA,83,txcb,93
otherWake,53,txcb,93
drinking,5,txcb,93
otherWake,68,txcb,93
grooming,123,txcb,93
BA,13,txcb,93
grooming,41,txcb,93
otherWake,27,txcb,93
eating,127,txcb,93
otherWake,110,txcb,93
drinking,4,txcb,93
otherWake,120,txcb,93
grooming,27,txcb,93
otherWake,63,txcb,93
drinking,6,txcb,93
otherWake,21,txcb,93
grooming,216,txcb,93
BA,15,txcb,93
grooming,150,txcb,93
eating,76,txcb,93
otherWake,91,txcb,93
sleep,23,txcb,93
otherWake,8,txcb,93
drinking,6,txcb,93
grooming,8,txcb,93
otherWake,55,txcb,93
grooming,10,txcb,93
eating,16,txcb,93
otherWake,133,txcb,93
drinking,12,txcb,93
otherWake,27,txcb,93
grooming,11,txcb,93
otherWake,10,txcb,93
grooming,8,txcb,93
otherWake,13,txcb,93
eating,163,txcb,93
otherWake,108,txcb,93
eating,26,txcb,93
otherWake,23,txcb,93
sleep,745,txcb,93
otherWake,10,txcb,93
sleep,12,txcb,93
otherWake,38,txcb,93
sleep,71,txcb,93
otherWake,3,txcb,93
drinking,12,txcb,93
otherWake,24,txcb,93
sleep,527,txcb,93
otherWake,12,txcb,93
sleep,174,txcb,93
otherWake,10,txcb,93
sleep,133,txcb,93
grooming,431,txcb,93
otherWake,8,txcb,93
grooming,292,txcb,93
otherWake,4,txcb,93
eating,17,txcb,93
otherWake,16,txcb,93
eating,35,txcb,93
otherWake,155,txcb,93
grooming,20,txcb,93
otherWake,15,txcb,93
eating,79,txcb,93
otherWake,94,txcb,93
drinking,15,txcb,93
otherWake,79,txcb,93
eating,136,txcb,93
otherWake,26,txcb,93
grooming,6,txcb,93
eating,12,txcb,93
otherWake,84,txcb,93
drinking,7,txcb,93
otherWake,132,txcb,93
eating,99,txcb,93
otherWake,95,txcb,93
BA,32,txcb,93
otherWake,8,txcb,93
drinking,6,txcb,93
otherWake,34,txcb,93
eating,85,txcb,93
otherWake,14,txcb,93
grooming,87,txcb,93
otherWake,52,txcb,93
grooming,257,txcb,93
otherWake,60,txcb,93
eating,15,txcb,93
otherWake,7,txcb,93
grooming,38,txcb,93
otherWake,17,txcb,93
grooming,106,txcb,93
otherWake,3,txcb,93
drinking,10,txcb,93
otherWake,14,txcb,93
grooming,5,txcb,93
otherWake,37,txcb,93
grooming,16,txcb,93
BA,13,txcb,93
sleep,106,txcb,93
otherWake,16,txcb,93
eating,120,txcb,93
otherWake,40,txcb,93
sleep,470,txcb,93
otherWake,16,txcb,93
sleep,212,txcb,93
otherWake,19,txcb,93
sleep,295,txcb,93
otherWake,64,txcb,93
sleep,212,txcb,93
otherWake,67,txcb,93
sleep,256,txcb,93
otherWake,20,txcb,93
drinking,4,txcb,93
otherWake,13,txcb,93
grooming,266,txcb,93
sleep,325,txcb,132
otherWake,161,txcb,132
sleep,181,txcb,132
otherWake,31,txcb,132
grooming,112,txcb,132
otherWake,37,txcb,132
BA,16,txcb,132
sleep,182,txcb,132
grooming,305,txcb,132
BA,33,txcb,132
grooming,201,txcb,132
BA,48,txcb,132
sleep,84,txcb,132
grooming,40,txcb,132
otherWake,34,txcb,132
drinking,9,txcb,132
otherWake,38,txcb,132
eating,211,txcb,132
otherWake,585,txcb,132
grooming,22,txcb,132
otherWake,22,txcb,132
grooming,21,txcb,132
otherWake,120,txcb,132
eating,114,txcb,132
otherWake,13,txcb,132
sleep,76,txcb,132
grooming,25,txcb,132
otherWake,41,txcb,132
sleep,21,txcb,132
eating,11,txcb,132
drinking,16,txcb,132
otherWake,53,txcb,132
sleep,816,txcb,132
grooming,140,txcb,132
otherWake,17,txcb,132
BA,58,txcb,132
grooming,465,txcb,132
otherWake,15,txcb,132
eating,389,txcb,132
otherWake,53,txcb,132
drinking,16,txcb,132
otherWake,14,txcb,132
drinking,3,txcb,132
otherWake,66,txcb,132
grooming,8,txcb,132
otherWake,27,txcb,132
sleep,85,txcb,132
otherWake,47,txcb,132
sleep,115,txcb,132
otherWake,19,txcb,132
eating,80,txcb,132
sleep,123,txcb,132
otherWake,96,txcb,132
grooming,11,txcb,132
otherWake,227,txcb,132
BA,15,txcb,132
otherWake,6,txcb,132
BA,21,txcb,132
otherWake,4,txcb,132
eating,142,txcb,132
BA,26,txcb,132
otherWake,192,txcb,132
grooming,23,txcb,132
otherWake,15,txcb,132
grooming,25,txcb,132
otherWake,84,txcb,132
BA,15,txcb,132
otherWake,44,txcb,132
sleep,110,txcb,132
otherWake,16,txcb,132
sleep,63,txcb,132
otherWake,21,txcb,132
sleep,92,txcb,132
otherWake,18,txcb,132
sleep,34,txcb,132
otherWake,25,txcb,132
sleep,26,txcb,132
otherWake,10,txcb,132
sleep,30,txcb,132
otherWake,10,txcb,132
sleep,50,txcb,132
otherWake,16,txcb,132
sleep,17,txcb,132
otherWake,24,txcb,132
sleep,21,txcb,132
grooming,6,txcb,132
eating,61,txcb,132
BA,75,txcb,132
eating,200,txcb,132
otherWake,59,txcb,132
eating,34,txcb,132
BA,27,txcb,132
eating,137,txcb,132
BA,23,txcb,132
eating,54,txcb,132
grooming,26,txcb,132
otherWake,24,txcb,132
grooming,6,txcb,132
otherWake,25,txcb,132
sleep,54,txcb,132
otherWake,30,txcb,132
eating,141,txcb,132
otherWake,45,txcb,132
sleep,33,txcb,132
grooming,8,txcb,132
otherWake,12,txcb,132
grooming,6,txcb,132
otherWake,18,txcb,132
sleep,219,txcb,132
otherWake,10,txcb,132
drinking,33,txcb,132
otherWake,22,txcb,132
eating,41,txcb,132
otherWake,39,txcb,132
grooming,229,txcb,132
BA,20,txcb,132
sleep,404,txcb,132
otherWake,29,txcb,132
sleep,459,txcb,132
otherWake,23,txcb,132
grooming,3,txcb,132
otherWake,27,txcb,132
sleep,138,txcb,132
eating,96,txcb,132
otherWake,11,txcb,132
drinking,21,txcb,132
otherWake,27,txcb,132
sleep,58,txcb,132
otherWake,22,txcb,132
grooming,22,txcb,132
drinking,9,txcb,132
otherWake,55,txcb,132
eating,30,txcb,132
otherWake,13,txcb,132
sleep,585,txcb,132
otherWake,6,txcb,132
eating,27,txcb,132
otherWake,24,txcb,132
sleep,79,txcb,159
grooming,582,txcb,159
BA,22,txcb,159
sleep,424,txcb,159
grooming,376,txcb,159
otherWake,8,txcb,159
eating,154,txcb,159
otherWake,20,txcb,159
sleep,485,txcb,159
otherWake,15,txcb,159
sleep,284,txcb,159
grooming,297,txcb,159
otherWake,17,txcb,159
eating,103,txcb,159
otherWake,45,txcb,159
grooming,61,txcb,159
otherWake,111,txcb,159
eating,52,txcb,159
otherWake,12,txcb,159
sleep,364,txcb,159
otherWake,28,txcb,159
sleep,268,txcb,159
otherWake,14,txcb,159
drinking,24,txcb,159
otherWake,9,txcb,159
sleep,14,txcb,159
grooming,136,txcb,159
otherWake,15,txcb,159
grooming,8,txcb,159
otherWake,8,txcb,159
eating,128,txcb,159
otherWake,14,txcb,159
drinking,20,txcb,159
otherWake,167,txcb,159
eating,102,txcb,159
otherWake,158,txcb,159
grooming,89,txcb,159
otherWake,74,txcb,159
eating,72,txcb,159
otherWake,38,txcb,159
sleep,36,txcb,159
grooming,14,txcb,159
otherWake,33,txcb,159
sleep,18,txcb,159
otherWake,42,txcb,159
grooming,35,txcb,159
otherWake,84,txcb,159
eating,26,txcb,159
otherWake,30,txcb,159
drinking,5,txcb,159
otherWake,150,txcb,159
grooming,98,txcb,159
otherWake,18,txcb,159
grooming,42,txcb,159
otherWake,37,txcb,159
eating,15,txcb,159
otherWake,14,txcb,159
drinking,10,txcb,159
otherWake,9,txcb,159
grooming,438,txcb,159
otherWake,30,txcb,159
sleep,792,txcb,159
grooming,11,txcb,159
eating,116,txcb,159
otherWake,22,txcb,159
grooming,12,txcb,159
sleep,887,txcb,159
grooming,18,txcb,159
otherWake,5,txcb,159
eating,126,txcb,159
otherWake,57,txcb,159
sleep,849,txcb,159
otherWake,11,txcb,159
eating,52,txcb,159
grooming,29,txcb,159
eating,39,txcb,159
BA,106,txcb,159
otherWake,6,txcb,159
sleep,111,txcb,159
otherWake,5,txcb,159
eating,153,txcb,159
otherWake,3,txcb,159
drinking,27,txcb,159
otherWake,67,txcb,159
drinking,6,txcb,159
otherWake,20,txcb,159
grooming,201,txcb,159
otherWake,19,txcb,159
grooming,34,txcb,159
otherWake,9,txcb,159
drinking,1,txcb,159
otherWake,99,txcb,159
drinking,9,txcb,159
otherWake,144,txcb,159
eating,37,txcb,159
otherWake,47,txcb,159
grooming,12,txcb,159
otherWake,48,txcb,159
eating,24,txcb,159
otherWake,15,txcb,159
eating,36,txcb,159
otherWake,42,txcb,159
grooming,229,txcb,159
otherWake,122,txcb,159
grooming,13,txcb,159
otherWake,21,txcb,159
sleep,181,txcb,159
grooming,52,txcb,159
otherWake,17,txcb,159
eating,41,txcb,159
otherWake,13,txcb,159
drinking,13,txcb,159
otherWake,30,txcb,159
sleep,799,txcb,159
otherWake,6,txcb,159
eating,145,txcb,159
grooming,19,txcb,159
otherWake,4,txcb,159
sleep,425,txcb,159
otherWake,11,txcb,159
eating,91,txcb,159
sleep,428,txcb,159
eating,111,txcb,159
otherWake,136,txcb,159
otherWake,14,txcb,159
grooming,11,txcb,159
otherWake,23,txcb,159
drinking,20,txcb,159
otherWake,20,txcb,159
sleep,689,txcb,159
otherWake,8,txcb,159
eating,88,txcb,159
BA,36,txcb,159
sleep,186,txcb,159
eating,52,txcb,159
eating,48,txcb,160
otherWake,7,txcb,160
grooming,812,txcb,160
otherWake,4,txcb,160
eating,11,txcb,160
grooming,54,txcb,160
BA,47,txcb,160
otherWake,12,txcb,160
sleep,377,txcb,160
otherWake,10,txcb,160
sleep,19,txcb,160
otherWake,33,txcb,160
sleep,149,txcb,160
otherWake,22,txcb,160
sleep,75,txcb,160
otherWake,10,txcb,160
grooming,263,txcb,160
eating,118,txcb,160
otherWake,198,txcb,160
sleep,83,txcb,160
otherWake,53,txcb,160
sleep,106,txcb,160
otherWake,37,txcb,160
sleep,221,txcb,160
otherWake,52,txcb,160
sleep,52,txcb,160
otherWake,15,txcb,160
sleep,74,txcb,160
otherWake,34,txcb,160
sleep,131,txcb,160
otherWake,37,txcb,160
sleep,29,txcb,160
otherWake,3,txcb,160
grooming,394,txcb,160
otherWake,27,txcb,160
climbing,15,txcb,160
eating,15,txcb,160
grooming,14,txcb,160
eating,40,txcb,160
otherWake,27,txcb,160
grooming,18,txcb,160
otherWake,46,txcb,160
eating,58,txcb,160
otherWake,49,txcb,160
drinking,5,txcb,160
otherWake,82,txcb,160
climbing,10,txcb,160
otherWake,14,txcb,160
eating,68,txcb,160
otherWake,21,txcb,160
grooming,12,txcb,160
otherWake,57,txcb,160
grooming,13,txcb,160
eating,87,txcb,160
otherWake,18,txcb,160
grooming,27,txcb,160
BA,39,txcb,160
sleep,132,txcb,160
otherWake,8,txcb,160
eating,71,txcb,160
otherWake,20,txcb,160
grooming,19,txcb,160
drinking,12,txcb,160
otherWake,25,txcb,160
grooming,8,txcb,160
otherWake,41,txcb,160
sleep,67,txcb,160
otherWake,11,txcb,160
sleep,226,txcb,160
otherWake,15,txcb,160
sleep,67,txcb,160
otherWake,14,txcb,160
eating,67,txcb,160
otherWake,36,txcb,160
grooming,436,txcb,160
otherWake,33,txcb,160
climbing,119,txcb,160
otherWake,6,txcb,160
drinking,3,txcb,160
otherWake,7,txcb,160
climbing,31,txcb,160
otherWake,26,txcb,160
climbing,67,txcb,160
otherWake,12,txcb,160
grooming,5,txcb,160
otherWake,53,txcb,160
climbing,32,txcb,160
otherWake,8,txcb,160
drinking,8,txcb,160
otherWake,11,txcb,160
climbing,29,txcb,160
otherWake,30,txcb,160
eating,46,txcb,160
otherWake,17,txcb,160
climbing,27,txcb,160
otherWake,13,txcb,160
eating,70,txcb,160
otherWake,37,txcb,160
climbing,24,txcb,160
otherWake,21,txcb,160
climbing,8,txcb,160
otherWake,45,txcb,160
grooming,100,txcb,160
sleep,431,txcb,160
otherWake,10,txcb,160
grooming,195,txcb,160
otherWake,34,txcb,160
drinking,9,txcb,160
otherWake,43,txcb,160
climbing,10,txcb,160
otherWake,58,txcb,160
grooming,101,txcb,160
otherWake,64,txcb,160
grooming,573,txcb,160
eating,42,txcb,160
BA,20,txcb,160
sleep,30,txcb,160
otherWake,10,txcb,160
sleep,219,txcb,160
otherWake,13,txcb,160
eating,159,txcb,160
otherWake,5,txcb,160
drinking,13,txcb,160
otherWake,18,txcb,160
sleep,744,txcb,160
otherWake,5,txcb,160
drinking,16,txcb,160
otherWake,17,txcb,160
sleep,204,txcb,160
otherWake,12,txcb,160
grooming,3,txcb,160
eating,45,txcb,160
BA,148,txcb,160
eating,119,txcb,160
grooming,16,txcb,160
eating,13,txcb,160
otherWake,29,txcb,160
grooming,10,txcb,160
otherWake,48,txcb,160
drinking,11,txcb,160
otherWake,29,txcb,160
grooming,32,txcb,160
otherWake,11,txcb,160
climbing,37,txcb,160
otherWake,23,txcb,160
climbing,10,txcb,160
otherWake,29,txcb,160
climbing,87,txcb,160
otherWake,32,txcb,160
drinking,13,txcb,160
otherWake,14,txcb,160
grooming,52,txcb,160
eating,65,txcb,160
otherWake,20,txcb,160
eating,20,txcb,160
otherWake,226,txcb,160
sleep,283,txcb,160
grooming,37,txcb,160
sleep,233,txcb,160
otherWake,13,txcb,160
eating,190,txcb,160
otherWake,23,txcb,160
sleep,1064,txcb,160
grooming,173,txcb,160
drinking,13,txcb,160
otherWake,36,txcb,160
sleep,708,txcb,160
otherWake,14,txcb,160
sleep,514,txcb,160
eating,208,txcb,160
otherWake,17,txcb,160
climbing,21,txcb,160
grooming,131,txcb,160
otherWake,4,txcb,160
drinking,9,txcb,160
otherWake,16,txcb,160
grooming,21,txcb,160
otherWake,114,txcb,160
otherWake,13,txox,163
sleep,297,txox,163
otherWake,10,txox,163
sleep,197,txox,163
otherWake,17,txox,163
grooming,1163,txox,163
otherWake,11,txox,163
eating,155,txox,163
grooming,13,txox,163
otherWake,12,txox,163
grooming,4,txox,163
otherWake,23,txox,163
climbing,7,txox,163
otherWake,16,txox,163
climbing,30,txox,163
otherWake,25,txox,163
drinking,8,txox,163
otherWake,35,txox,163
climbing,6,txox,163
otherWake,11,txox,163
climbing,23,txox,163
otherWake,36,txox,163
climbing,18,txox,163
otherWake,20,txox,163
BA,17,txox,163
otherWake,16,txox,163
eating,87,txox,163
otherWake,27,txox,163
grooming,9,txox,163
otherWake,6,txox,163
drinking,8,txox,163
otherWake,17,txox,163
climbing,25,txox,163
otherWake,13,txox,163
grooming,8,txox,163
otherWake,14,txox,163
climbing,9,txox,163
otherWake,13,txox,163
drinking,6,txox,163
otherWake,32,txox,163
grooming,10,txox,163
BA,18,txox,163
grooming,4,txox,163
otherWake,4,txox,163
eating,54,txox,163
otherWake,11,txox,163
grooming,4,txox,163
otherWake,40,txox,163
grooming,71,txox,163
otherWake,16,txox,163
grooming,11,txox,163
eating,167,txox,163
otherWake,16,txox,163
grooming,20,txox,163
otherWake,14,txox,163
grooming,13,txox,163
otherWake,18,txox,163
drinking,10,txox,163
otherWake,19,txox,163
BA,20,txox,163
otherWake,6,txox,163
drinking,4,txox,163
otherWake,8,txox,163
climbing,36,txox,163
otherWake,56,txox,163
eating,117,txox,163
otherWake,57,txox,163
drinking,14,txox,163
grooming,7,txox,163
otherWake,45,txox,163
drinking,3,txox,163
otherWake,12,txox,163
sleep,83,txox,163
otherWake,80,txox,163
eating,15,txox,163
otherWake,34,txox,163
grooming,9,txox,163
otherWake,26,txox,163
drinking,15,txox,163
otherWake,4,txox,163
climbing,45,txox,163
otherWake,25,txox,163
grooming,53,txox,163
eating,147,txox,163
otherWake,20,txox,163
BA,13,txox,163
otherWake,67,txox,163
drinking,8,txox,163
grooming,8,txox,163
otherWake,10,txox,163
climbing,39,txox,163
otherWake,234,txox,163
BA,23,txox,163
otherWake,15,txox,163
eating,6,txox,163
otherWake,9,txox,163
climbing,8,txox,163
otherWake,20,txox,163
eating,3,txox,163
BA,67,txox,163
otherWake,27,txox,163
grooming,4,txox,163
otherWake,51,txox,163
drinking,5,txox,163
otherWake,13,txox,163
climbing,41,txox,163
otherWake,48,txox,163
grooming,184,txox,163
otherWake,63,txox,163
sleep,31,txox,163
otherWake,10,txox,163
eating,175,txox,163
otherWake,18,txox,163
grooming,5,txox,163
otherWake,31,txox,163
grooming,5,txox,163
otherWake,5,txox,163
drinking,13,txox,163
otherWake,24,txox,163
climbing,27,txox,163
otherWake,11,txox,163
climbing,22,txox,163
otherWake,26,txox,163
grooming,29,txox,163
otherWake,10,txox,163
grooming,8,txox,163
otherWake,13,txox,163
BA,21,txox,163
otherWake,8,txox,163
climbing,12,txox,163
otherWake,19,txox,163
climbing,3,txox,163
otherWake,14,txox,163
drinking,3,txox,163
otherWake,35,txox,163
sleep,45,txox,163
grooming,8,txox,163
otherWake,43,txox,163
sleep,138,txox,163
otherWake,18,txox,163
grooming,11,txox,163
otherWake,71,txox,163
sleep,75,txox,163
otherWake,31,txox,163
sleep,107,txox,163
otherWake,4,txox,163
grooming,70,txox,163
otherWake,3,txox,163
eating,151,txox,163
otherWake,36,txox,163
grooming,5,txox,163
otherWake,56,txox,163
drinking,4,txox,163
otherWake,33,txox,163
grooming,66,txox,163
otherWake,4,txox,163
sleep,62,txox,163
grooming,6,txox,163
otherWake,65,txox,163
sleep,45,txox,163
otherWake,14,txox,163
sleep,161,txox,163
otherWake,27,txox,163
grooming,490,txox,163
BA,40,txox,163
grooming,492,txox,163
otherWake,18,txox,163
eating,225,txox,163
otherWake,8,txox,163
drinking,16,txox,163
otherWake,32,txox,163
BA,21,txox,163
otherWake,40,txox,163
sleep,53,txox,163
otherWake,20,txox,163
sleep,175,txox,163
otherWake,13,txox,163
grooming,11,txox,163
otherWake,20,txox,163
eating,175,txox,163
otherWake,6,txox,163
drinking,12,txox,163
otherWake,46,txox,163
drinking,21,txox,163
otherWake,56,txox,163
drinking,11,txox,163
otherWake,8,txox,163
grooming,16,txox,163
otherWake,8,txox,163
grooming,3,txox,163
otherWake,12,txox,163
climbing,14,txox,163
otherWake,13,txox,163
eating,33,txox,163
otherWake,18,txox,163
eating,42,txox,163
otherWake,17,txox,163
grooming,6,txox,163
otherWake,14,txox,163
eating,145,txox,163
otherWake,17,txox,163
drinking,18,txox,163
otherWake,31,txox,163
sleep,267,txox,163
otherWake,88,txox,163
sleep,105,txox,163
grooming,19,txox,163
otherWake,4,txox,163
sleep,298,txox,163
otherWake,73,txox,163
drinking,7,txox,163
otherWake,18,txox,163
grooming,65,txox,163
otherWake,23,txox,163
sleep,175,txox,163
otherWake,58,txox,163
sleep,520,txox,163
otherWake,89,txox,163
sleep,22,txox,163
otherWake,17,txox,163
grooming,164,txox,163
otherWake,12,txox,163
drinking,9,txox,163
otherWake,25,txox,163
grooming,8,txox,163
otherWake,20,txox,163
sleep,34,txox,163
otherWake,16,txox,163
sleep,114,txox,163
otherWake,58,txox,163
sleep,13,txox,163
otherWake,13,txox,163
eating,256,txox,163
otherWake,29,txox,163
sleep,167,txox,163
otherWake,89,txox,163
sleep,191,txox,163
otherWake,82,txox,163
sleep,293,txox,163
otherWake,62,txox,163
sleep,155,txox,163
otherWake,54,txox,163
sleep,304,txox,163
otherWake,19,txox,163
grooming,302,txox,163
otherWake,28,txox,163
grooming,102,txox,163
otherWake,22,txox,163
sleep,199,txox,163
otherWake,5,txox,163
eating,335,txox,163
otherWake,9,txox,163
drinking,24,txox,163
otherWake,28,txox,163
sleep,32,txox,163
otherWake,8,txox,163
drinking,26,txox,163
otherWake,17,txox,163
grooming,88,txox,163
BA,18,txox,163
grooming,73,txox,163
otherWake,5,txox,163
sleep,40,txox,163
otherWake,46,txox,163
sleep,20,txox,163
otherWake,39,txox,163
sleep,90,txox,163
otherWake,4,txox,163
drinking,12,txox,163
otherWake,42,txox,163
grooming,82,txox,163
otherWake,17,txox,163
grooming,20,txox,163
BA,23,txox,163
grooming,30,txox,163
otherWake,15,txox,163
grooming,101,txox,165
sleep,31,txox,165
grooming,9,txox,165
otherWake,31,txox,165
grooming,147,txox,165
otherWake,31,txox,165
grooming,402,txox,165
otherWake,15,txox,165
grooming,105,txox,165
otherWake,33,txox,165
climbing,29,txox,165
otherWake,55,txox,165
climbing,68,txox,165
otherWake,4,txox,165
drinking,20,txox,165
otherWake,79,txox,165
eating,79,txox,165
otherWake,11,txox,165
grooming,30,txox,165
eating,58,txox,165
otherWake,4,txox,165
drinking,3,txox,165
grooming,5,txox,165
otherWake,9,txox,165
grooming,21,txox,165
eating,10,txox,165
grooming,70,txox,165
otherWake,8,txox,165
climbing,39,txox,165
otherWake,27,txox,165
climbing,35,txox,165
otherWake,15,txox,165
drinking,10,txox,165
otherWake,31,txox,165
grooming,24,txox,165
otherWake,6,txox,165
climbing,127,txox,165
otherWake,17,txox,165
eating,106,txox,165
otherWake,76,txox,165
sleep,32,txox,165
otherWake,16,txox,165
eating,8,txox,165
drinking,20,txox,165
otherWake,3,txox,165
eating,17,txox,165
otherWake,28,txox,165
drinking,6,txox,165
otherWake,24,txox,165
grooming,13,txox,165
otherWake,24,txox,165
eating,226,txox,165
BA,24,txox,165
otherWake,203,txox,165
sleep,84,txox,165
otherWake,32,txox,165
sleep,30,txox,165
otherWake,33,txox,165
sleep,20,txox,165
otherWake,6,txox,165
grooming,206,txox,165
otherWake,14,txox,165
drinking,13,txox,165
grooming,36,txox,165
otherWake,24,txox,165
drinking,7,txox,165
otherWake,11,txox,165
eating,83,txox,165
BA,16,txox,165
eating,266,txox,165
otherWake,6,txox,165
drinking,13,txox,165
otherWake,111,txox,165
drinking,15,txox,165
otherWake,75,txox,165
drinking,10,txox,165
otherWake,276,txox,165
eating,52,txox,165
otherWake,38,txox,165
eating,12,txox,165
otherWake,149,txox,165
grooming,348,txox,165
BA,16,txox,165
grooming,75,txox,165
sleep,228,txox,165
grooming,68,txox,165
otherWake,39,txox,165
grooming,101,txox,165
BA,11,txox,165
grooming,62,txox,165
sleep,651,txox,165
grooming,59,txox,165
otherWake,182,txox,165
sleep,96,txox,165
otherWake,13,txox,165
sleep,16,txox,165
otherWake,10,txox,165
grooming,3,txox,165
otherWake,127,txox,165
grooming,129,txox,165
sleep,81,txox,165
otherWake,99,txox,165
drinking,5,txox,165
otherWake,13,txox,165
grooming,290,txox,165
sleep,151,txox,165
otherWake,14,txox,165
grooming,69,txox,165
sleep,616,txox,165
otherWake,22,txox,165
grooming,14,txox,165
otherWake,103,txox,165
sleep,276,txox,165
otherWake,32,txox,165
sleep,230,txox,165
otherWake,34,txox,165
sleep,40,txox,165
otherWake,7,txox,165
eating,189,txox,165
grooming,55,txox,165
sleep,332,txox,165
otherWake,37,txox,165
grooming,60,txox,165
drinking,19,txox,165
otherWake,26,txox,165
sleep,42,txox,165
otherWake,15,txox,165
grooming,187,txox,165
sleep,365,txox,165
grooming,12,txox,165
eating,150,txox,165
grooming,13,txox,165
drinking,9,txox,165
grooming,346,txox,165
otherWake,30,txox,165
drinking,10,txox,165
otherWake,11,txox,165
sleep,117,txox,165
otherWake,5,txox,165
eating,178,txox,165
otherWake,2,txox,165
drinking,10,txox,165
grooming,42,txox,165
otherWake,11,txox,165
grooming,6,txox,165
drinking,9,txox,165
grooming,207,txox,165
sleep,174,txox,165
otherWake,6,txox,165
drinking,9,txox,165
otherWake,56,txox,165
sleep,54,txox,165
grooming,36,txox,165
otherWake,49,txox,165
sleep,54,txox,165
otherWake,9,txox,165
eating,23,txox,165
otherWake,7,txox,165
grooming,14,txox,165
otherWake,72,txox,165
grooming,17,txox,165
otherWake,32,txox,165
grooming,129,txox,165
BA,20,txox,165
grooming,51,txox,165
BA,26,txox,165
otherWake,42,txox,165
grooming,16,txox,165
otherWake,17,txox,165
sleep,19,txox,165
otherWake,8,txox,165
grooming,281,txox,165
sleep,135,txox,165
otherWake,41,txox,165
eating,256,txox,165
grooming,26,txox,165
otherWake,15,txox,165
sleep,45,txox,165
drinking,17,txox,165
otherWake,54,txox,165
grooming,13,txox,165
otherWake,56,txox,165
climbing,93,txox,165
otherWake,56,txox,165
drinking,14,txox,165
otherWake,42,txox,165
drinking,9,txox,165
otherWake,28,txox,165
grooming,16,txox,165
otherWake,6,txox,165
eating,306,txox,165
BA,61,txox,165
eating,32,txox,165
otherWake,32,txox,165
sleep,60,txox,165
otherWake,85,txox,165
drinking,21,txox,165
otherWake,169,txox,165
grooming,13,txox,165
otherWake,99,txox,165
drinking,3,txox,165
otherWake,207,txox,165
grooming,24,txox,165
otherWake,12,txox,165
eating,323,txox,165
grooming,4,txox,165
sleep,55,txox,165
otherWake,46,txox,165
grooming,118,txox,165
otherWake,91,txox,165
grooming,50,txox,168
BA,49,txox,168
otherWake,56,txox,168
sleep,61,txox,168
otherWake,22,txox,168
sleep,18,txox,168
otherWake,35,txox,168
drinking,30,txox,168
otherWake,16,txox,168
BA,98,txox,168
sleep,133,txox,168
otherWake,28,txox,168
sleep,59,txox,168
otherWake,48,txox,168
sleep,61,txox,168
otherWake,181,txox,168
sleep,31,txox,168
otherWake,25,txox,168
sleep,96,txox,168
grooming,33,txox,168
otherWake,34,txox,168
grooming,94,txox,168
otherWake,52,txox,168
eating,117,txox,168
otherWake,17,txox,168
drinking,17,txox,168
climbing,10,txox,168
otherWake,24,txox,168
climbing,76,txox,168
grooming,12,txox,168
climbing,15,txox,168
grooming,212,txox,168
otherWake,21,txox,168
drinking,7,txox,168
climbing,32,txox,168
grooming,21,txox,168
otherWake,47,txox,168
climbing,28,txox,168
otherWake,4,txox,168
eating,152,txox,168
otherWake,16,txox,168
grooming,8,txox,168
otherWake,33,txox,168
grooming,19,txox,168
otherWake,35,txox,168
climbing,45,txox,168
otherWake,16,txox,168
drinking,4,txox,168
otherWake,8,txox,168
climbing,89,txox,168
otherWake,119,txox,168
sleep,124,txox,168
otherWake,23,txox,168
eating,237,txox,168
otherWake,8,txox,168
drinking,21,txox,168
otherWake,40,txox,168
sleep,65,txox,168
otherWake,33,txox,168
sleep,25,txox,168
grooming,16,txox,168
otherWake,31,txox,168
eating,109,txox,168
otherWake,23,txox,168
drinking,13,txox,168
otherWake,31,txox,168
sleep,122,txox,168
otherWake,16,txox,168
grooming,74,txox,168
otherWake,14,txox,168
eating,129,txox,168
otherWake,104,txox,168
sleep,429,txox,168
grooming,51,txox,168
drinking,21,txox,168
otherWake,53,txox,168
eating,243,txox,168
otherWake,41,txox,168
BA,20,txox,168
otherWake,76,txox,168
grooming,30,txox,168
otherWake,11,txox,168
drinking,9,txox,168
otherWake,44,txox,168
drinking,4,txox,168
otherWake,28,txox,168
eating,108,txox,168
otherWake,13,txox,168
grooming,16,txox,168
otherWake,188,txox,168
drinking,14,txox,168
otherWake,220,txox,168
grooming,155,txox,168
eating,85,txox,168
otherWake,5,txox,168
drinking,26,txox,168
otherWake,15,txox,168
sleep,191,txox,168
otherWake,15,txox,168
grooming,273,txox,168
otherWake,24,txox,168
drinking,13,txox,168
otherWake,21,txox,168
grooming,25,txox,168
eating,40,txox,168
BA,14,txox,168
eating,30,txox,168
grooming,41,txox,168
eating,48,txox,168
grooming,59,txox,168
otherWake,810,txox,168
drinking,16,txox,168
otherWake,124,txox,168
grooming,7,txox,168
otherWake,70,txox,168
eating,100,txox,168
otherWake,79,txox,168
eating,7,txox,168
BA,50,txox,168
eating,44,txox,168
BA,28,txox,168
eating,111,txox,168
otherWake,31,txox,168
sleep,209,txox,168
otherWake,18,txox,168
eating,80,txox,168
drinking,21,txox,168
otherWake,664,txox,168
drinking,10,txox,168
otherWake,18,txox,168
drinking,4,txox,168
otherWake,101,txox,168
eating,81,txox,168
otherWake,91,txox,168
drinking,6,txox,168
otherWake,195,txox,168
eating,49,txox,168
grooming,40,txox,168
otherWake,159,txox,168
grooming,9,txox,168
otherWake,56,txox,168
grooming,106,txox,168
otherWake,27,txox,168
drinking,12,txox,168
grooming,257,txox,168
otherWake,51,txox,168
grooming,28,txox,168
otherWake,3,txox,168
drinking,14,txox,168
otherWake,234,txox,168
sleep,40,txox,168
otherWake,11,txox,168
sleep,249,txox,168
otherWake,27,txox,168
sleep,839,txox,168
otherWake,40,txox,168
eating,108,txox,168
otherWake,87,txox,168
drinking,19,txox,168
otherWake,51,txox,168
sleep,24,txox,168
otherWake,12,txox,168
eating,8,txox,168
BA,37,txox,168
sleep,600,txox,168
otherWake,65,txox,168
eating,53,txox,168
BA,12,txox,168
eating,28,txox,168
otherWake,60,txox,168
sleep,181,txox,168
otherWake,24,txox,168
drinking,18,txox,168
otherWake,17,txox,168
sleep,244,txox,168
eating,139,txox,168
otherWake,50,txox,168
BA,53,txox,168
sleep,178,txox,168
otherWake,20,txox,168
sleep,301,txox,168
otherWake,5,txox,168
eating,83,txox,168
grooming,31,txox,168
otherWake,63,txox,168
sleep,531,txox,168
otherWake,14,txox,168
grooming,13,txox,168
otherWake,70,txox,169
drinking,18,txox,169
grooming,210,txox,169
BA,11,txox,169
grooming,73,txox,169
BA,15,txox,169
grooming,35,txox,169
otherWake,16,txox,169
sleep,211,txox,169
otherWake,7,txox,169
eating,162,txox,169
grooming,711,txox,169
BA,33,txox,169
sleep,41,txox,169
grooming,16,txox,169
otherWake,49,txox,169
drinking,13,txox,169
otherWake,27,txox,169
climbing,11,txox,169
otherWake,13,txox,169
grooming,21,txox,169
otherWake,20,txox,169
climbing,15,txox,169
otherWake,15,txox,169
grooming,8,txox,169
climbing,39,txox,169
otherWake,27,txox,169
drinking,14,txox,169
otherWake,45,txox,169
grooming,32,txox,169
otherWake,18,txox,169
eating,185,txox,169
BA,13,txox,169
eating,52,txox,169
grooming,18,txox,169
otherWake,14,txox,169
BA,43,txox,169
otherWake,10,txox,169
eating,88,txox,169
grooming,461,txox,169
otherWake,13,txox,169
grooming,174,txox,169
otherWake,26,txox,169
climbing,37,txox,169
otherWake,28,txox,169
drinking,8,txox,169
otherWake,6,txox,169
climbing,49,txox,169
otherWake,20,txox,169
climbing,8,txox,169
otherWake,9,txox,169
grooming,11,txox,169
otherWake,23,txox,169
drinking,10,txox,169
otherWake,6,txox,169
climbing,27,txox,169
otherWake,13,txox,169
grooming,4,txox,169
otherWake,30,txox,169
grooming,12,txox,169
otherWake,90,txox,169
eating,59,txox,169
grooming,36,txox,169
eating,65,txox,169
grooming,8,txox,169
otherWake,107,txox,169
grooming,23,txox,169
otherWake,21,txox,169
eating,254,txox,169
otherWake,10,txox,169
grooming,29,txox,169
otherWake,39,txox,169
BA,29,txox,169
grooming,15,txox,169
otherWake,21,txox,169
BA,27,txox,169
otherWake,15,txox,169
eating,91,txox,169
otherWake,20,txox,169
grooming,22,txox,169
otherWake,6,txox,169
drinking,16,txox,169
otherWake,17,txox,169
grooming,5,txox,169
otherWake,27,txox,169
grooming,174,txox,169
otherWake,16,txox,169
eating,99,txox,169
otherWake,12,txox,169
grooming,18,txox,169
otherWake,85,txox,169
eating,7,txox,169
otherWake,26,txox,169
drinking,17,txox,169
grooming,8,txox,169
otherWake,4,txox,169
climbing,14,txox,169
eating,309,txox,169
grooming,17,txox,169
BA,10,txox,169
otherWake,109,txox,169
drinking,12,txox,169
otherWake,13,txox,169
grooming,24,txox,169
otherWake,4,txox,169
climbing,31,txox,169
BA,10,txox,169
otherWake,5,txox,169
grooming,8,txox,169
otherWake,64,txox,169
eating,210,txox,169
otherWake,20,txox,169
sleep,81,txox,169
otherWake,33,txox,169
drinking,15,txox,169
otherWake,13,txox,169
grooming,25,txox,169
otherWake,168,txox,169
eating,75,txox,169
otherWake,13,txox,169
grooming,203,txox,169
otherWake,23,txox,169
sleep,65,txox,169
grooming,79,txox,169
sleep,112,txox,169
eating,68,txox,169
otherWake,8,txox,169
grooming,29,txox,169
otherWake,23,txox,169
sleep,165,txox,169
otherWake,10,txox,169
grooming,48,txox,169
sleep,138,txox,169
otherWake,11,txox,169
eating,111,txox,169
grooming,37,txox,169
otherWake,24,txox,169
sleep,236,txox,169
otherWake,24,txox,169
eating,69,txox,169
grooming,14,txox,169
drinking,29,txox,169
otherWake,51,txox,169
sleep,311,txox,169
otherWake,17,txox,169
eating,144,txox,169
grooming,106,txox,169
otherWake,74,txox,169
drinking,20,txox,169
otherWake,27,txox,169
grooming,73,txox,169
otherWake,26,txox,169
grooming,9,txox,169
otherWake,26,txox,169
BA,25,txox,169
otherWake,29,txox,169
grooming,174,txox,169
otherWake,11,txox,169
eating,110,txox,169
grooming,16,txox,169
otherWake,298,txox,169
sleep,423,txox,169
otherWake,79,txox,169
sleep,185,txox,169
otherWake,28,txox,169
sleep,25,txox,169
otherWake,46,txox,169
sleep,149,txox,169
otherWake,21,txox,169
eating,131,txox,169
grooming,36,txox,169
otherWake,247,txox,169
eating,67,txox,169
otherWake,58,txox,169
grooming,11,txox,169
otherWake,9,txox,169
grooming,100,txox,169
sleep,136,txox,169
grooming,33,txox,169
sleep,71,txox,169
grooming,17,txox,169
sleep,140,txox,169
otherWake,25,txox,169
sleep,61,txox,169
otherWake,15,txox,169
eating,43,txox,169
grooming,27,txox,169
otherWake,12,txox,169
sleep,454,txox,169
otherWake,13,txox,169
sleep,23,txox,169
grooming,173,txox,169
otherWake,7,txox,169
eating,157,txox,169
otherWake,22,txox,169
sleep,122,txox,169
otherWake,7,txox,169
drinking,19,txox,169
otherWake,22,txox,169
grooming,12,txox,169
eating,133,txox,169
otherWake,160,txox,169
sleep,48,txox,169
otherWake,36,txox,169
sleep,100,txox,169
otherWake,43,txox,169
sleep,223,txox,169
otherWake,19,txox,169
grooming,92,txox,169
eating,78,txox,169
sleep,136,txox,169
grooming,64,txox,169
otherWake,13,txox,169
grooming,108,txox,169
sleep,25,txox,179
grooming,15,txox,179
eating,194,txox,179
grooming,12,txox,179
sleep,195,txox,179
eating,133,txox,179
sleep,78,txox,179
grooming,182,txox,179
drinking,13,txox,179
otherWake,11,txox,179
grooming,20,txox,179
sleep,90,txox,179
otherWake,10,txox,179
drinking,9,txox,179
otherWake,48,txox,179
eating,115,txox,179
grooming,3,txox,179
otherWake,20,txox,179
sleep,83,txox,179
otherWake,14,txox,179
sleep,241,txox,179
grooming,37,txox,179
eating,174,txox,179
otherWake,20,txox,179
grooming,4,txox,179
drinking,13,txox,179
otherWake,4,txox,179
grooming,10,txox,179
otherWake,31,txox,179
climbing,11,txox,179
otherWake,55,txox,179
drinking,6,txox,179
climbing,48,txox,179
otherWake,84,txox,179
eating,34,txox,179
grooming,176,txox,179
otherWake,21,txox,179
eating,253,txox,179
otherWake,23,txox,179
BA,16,txox,179
otherWake,17,txox,179
drinking,15,txox,179
otherWake,18,txox,179
grooming,19,txox,179
otherWake,17,txox,179
grooming,378,txox,179
otherWake,50,txox,179
grooming,16,txox,179
otherWake,79,txox,179
climbing,249,txox,179
otherWake,11,txox,179
drinking,20,txox,179
grooming,19,txox,179
otherWake,9,txox,179
climbing,22,txox,179
grooming,12,txox,179
otherWake,20,txox,179
climbing,5,txox,179
otherWake,101,txox,179
eating,28,txox,179
otherWake,29,txox,179
climbing,48,txox,179
otherWake,32,txox,179
eating,20,txox,179
otherWake,11,txox,179
eating,343,txox,179
otherWake,29,txox,179
grooming,204,txox,179
drinking,10,txox,179
otherWake,92,txox,179
climbing,30,txox,179
otherWake,31,txox,179
climbing,28,txox,179
otherWake,12,txox,179
climbing,109,txox,179
otherWake,47,txox,179
drinking,19,txox,179
otherWake,53,txox,179
BA,50,txox,179
otherWake,7,txox,179
eating,134,txox,179
otherWake,51,txox,179
sleep,86,txox,179
otherWake,140,txox,179
grooming,15,txox,179
otherWake,19,txox,179
sleep,279,txox,179
otherWake,7,txox,179
grooming,6,txox,179
eating,271,txox,179
otherWake,6,txox,179
drinking,12,txox,179
otherWake,69,txox,179
grooming,9,txox,179
otherWake,25,txox,179
grooming,226,txox,179
otherWake,51,txox,179
grooming,35,txox,179
otherWake,10,txox,179
climbing,209,txox,179
otherWake,14,txox,179
drinking,20,txox,179
otherWake,15,txox,179
eating,15,txox,179
otherWake,94,txox,179
grooming,164,txox,179
eating,48,txox,179
otherWake,90,txox,179
eating,4,txox,179
otherWake,63,txox,179
eating,165,txox,179
otherWake,236,txox,179
drinking,4,txox,179
otherWake,60,txox,179
eating,34,txox,179
otherWake,21,txox,179
eating,150,txox,179
otherWake,21,txox,179
grooming,310,txox,179
otherWake,110,txox,179
sleep,131,txox,179
otherWake,16,txox,179
sleep,13,txox,179
otherWake,32,txox,179
sleep,506,txox,179
grooming,45,txox,179
otherWake,9,txox,179
eating,310,txox,179
otherWake,31,txox,179
sleep,36,txox,179
otherWake,25,txox,179
sleep,130,txox,179
grooming,26,txox,179
sleep,82,txox,179
grooming,343,txox,179
otherWake,4,txox,179
drinking,11,txox,179
otherWake,178,txox,179
climbing,77,txox,179
otherWake,46,txox,179
drinking,7,txox,179
otherWake,17,txox,179
climbing,77,txox,179
otherWake,59,txox,179
drinking,9,txox,179
otherWake,119,txox,179
eating,308,txox,179
otherWake,53,txox,179
grooming,161,txox,179
otherWake,22,txox,179
drinking,17,txox,179
otherWake,15,txox,179
grooming,247,txox,179
sleep,1130,txox,179
otherWake,10,txox,179
sleep,311,txox,179
otherWake,17,txox,179
eating,193,txox,179
otherWake,33,txox,179
sleep,119,txox,179
grooming,13,txox,179
sleep,149,txox,179
otherWake,28,txox,179
grooming,21,txox,179
sleep,194,txox,179
otherWake,10,txox,179
grooming,12,txox,179
sleep,378,txox,179
grooming,24,txox,179
otherWake,21,txox,179
eating,260,txox,179
otherWake,17,txox,179
sleep,112,txox,179
otherWake,27,txox,179
sleep,119,txox,179
otherWake,15,txox,179
sleep,347,txox,179
otherWake,16,txox,179
sleeping,85,txox,180
otherWake,16,txox,180
sleeping,85,txox,180
otherWake,16,txox,180
sleeping,296,txox,180
otherWake,11,txox,180
eating,63,txox,180
BA,101,txox,180
eating,199,txox,180
grooming,236,txox,180
otherWake,18,txox,180
grooming,16,txox,180
otherWake,21,txox,180
grooming,23,txox,180
otherWake,55,txox,180
drinking,11,txox,180
otherWake,39,txox,180
drinking,14,txox,180
otherWake,7,txox,180
grooming,94,txox,180
eating,56,txox,180
otherWake,10,txox,180
sleeping,69,txox,180
otherWake,10,txox,180
sleeping,364,txox,180
grooming,19,txox,180
eating,197,txox,180
otherWake,20,txox,180
eating,264,txox,180
otherWake,5,txox,180
sleeping,90,txox,180
otherWake,16,txox,180
sleeping,53,txox,180
otherWake,33,txox,180
grooming,19,txox,180
otherWake,17,txox,180
grooming,92,txox,180
otherWake,4,txox,180
eating,12,txox,180
otherWake,28,txox,180
grooming,44,txox,180
otherWake,23,txox,180
grooming,13,txox,180
otherWake,21,txox,180
grooming,52,txox,180
otherWake,3,txox,180
drinking,23,txox,180
otherWake,50,txox,180
grooming,57,txox,180
otherWake,92,txox,180
BA,15,txox,180
otherWake,27,txox,180
sleeping,20,txox,180
otherWake,47,txox,180
sleeping,205,txox,180
otherWake,10,txox,180
eating,231,txox,180
grooming,12,txox,180
otherWake,20,txox,180
sleeping,51,txox,180
grooming,59,txox,180
otherWake,67,txox,180
sleeping,40,txox,180
otherWake,58,txox,180
sleeping,297,txox,180
otherWake,42,txox,180
sleeping,87,txox,180
otherWake,5,txox,180
grooming,159,txox,180
otherWake,21,txox,180
drinking,24,txox,180
otherWake,148,txox,180
eating,311,txox,180
otherWake,31,txox,180
drinking,21,txox,180
otherWake,161,txox,180
eating,30,txox,180
grooming,25,txox,180
otherWake,17,txox,180
BA,14,txox,180
otherWake,11,txox,180
eating,192,txox,180
otherWake,28,txox,180
drinking,33,txox,180
otherWake,312,txox,180
grooming,525,txox,180
sleeping,712,txox,180
otherWake,16,txox,180
sleeping,432,txox,180
otherWake,26,txox,180
sleeping,57,txox,180
grooming,16,txox,180
otherWake,77,txox,180
eating,237,txox,180
otherWake,19,txox,180
eating,126,txox,180
otherWake,14,txox,180
grooming,10,txox,180
otherWake,17,txox,180
sleeping,94,txox,180
otherWake,29,txox,180
grooming,207,txox,180
sleeping,787,txox,180
otherWake,23,txox,180
sleeping,301,txox,180
otherWake,34,txox,180
sleeping,111,txox,180
otherWake,27,txox,180
sleeping,176,txox,180
otherWake,21,txox,180
sleeping,1036,txox,180
otherWake,57,txox,180
sleeping,122,txox,180
grooming,7,txox,180
otherWake,10,txox,180
grooming,3,txox,180
otherWake,13,txox,180
grooming,29,txox,180
otherWake,29,txox,180
eating,178,txox,180
BA,14,txox,180
eating,126,txox,180
otherWake,13,txox,180
drinking,30,txox,180
otherWake,42,txox,180
grooming,108,txox,180
otherWake,15,txox,180
sleeping,737,txox,180
otherWake,32,txox,180
sleeping,133,txox,180
grooming,929,txox,180
BA,16,txox,180
sleeping,891,txox,180
otherWake,15,txox,180
eating,229,txox,180
otherWake,86,txox,180
sleeping,58,txox,180
grooming,30,txox,180
otherWake,3,txox,180
drinking,24,txox,180
otherWake,33,txox,180
eating,199,txox,180
otherWake,24,txox,180
grooming,12,txox,180
otherWake,14,txox,180
