behavior,counts,mouse,group
2,180,113,silvestre
2,312,113,silvestre
2,84,113,silvestre
2,252,113,silvestre
2,60,113,silvestre
2,48,113,silvestre
2,84,113,silvestre
2,96,113,silvestre
2,396,113,silvestre
2,192,113,silvestre
2,300,113,silvestre
2,120,113,silvestre
2,24,113,silvestre
2,204,113,silvestre
2,240,113,silvestre
2,216,113,silvestre
2,1056,113,silvestre
2,48,113,silvestre
2,264,113,silvestre
2,120,113,silvestre
2,540,113,silvestre
2,384,113,silvestre
2,264,113,silvestre
2,156,113,silvestre
2,144,113,silvestre
2,72,113,silvestre
2,192,113,silvestre
2,276,113,silvestre
2,84,113,silvestre
2,816,113,silvestre
2,144,113,silvestre
2,84,113,silvestre
2,360,113,silvestre
2,192,113,silvestre
2,300,113,silvestre
2,108,113,silvestre
2,144,113,silvestre
2,84,113,silvestre
2,288,113,silvestre
2,96,113,silvestre
2,36,113,silvestre
2,24,113,silvestre
2,84,113,silvestre
2,204,113,silvestre
2,420,113,silvestre
2,432,113,silvestre
2,72,113,silvestre
2,60,113,silvestre
2,144,113,silvestre
2,72,113,silvestre
2,612,113,silvestre
2,228,113,silvestre
2,36,113,silvestre
2,336,113,silvestre
2,120,113,silvestre
2,636,113,silvestre
2,1032,113,silvestre
2,300,113,silvestre
2,96,113,silvestre
2,84,113,silvestre
2,96,113,silvestre
2,36,113,silvestre
2,36,113,silvestre
2,444,113,silvestre
2,24,113,silvestre
2,252,113,silvestre
2,48,113,silvestre
2,156,113,silvestre
2,36,113,silvestre
2,72,113,silvestre
2,276,113,silvestre
2,84,113,silvestre
2,84,113,silvestre
2,252,113,silvestre
2,144,113,silvestre
2,180,113,silvestre
2,60,113,silvestre
2,72,113,silvestre
2,48,113,silvestre
2,12,113,silvestre
2,84,113,silvestre
2,108,113,silvestre
2,48,113,silvestre
2,108,113,silvestre
2,168,113,silvestre
2,288,113,silvestre
2,600,113,silvestre
2,108,113,silvestre
2,300,113,silvestre
2,36,113,silvestre
2,360,113,silvestre
2,720,113,silvestre
2,168,113,silvestre
2,84,113,silvestre
2,360,113,silvestre
2,336,113,silvestre
2,84,113,silvestre
2,132,113,silvestre
2,324,113,silvestre
2,804,113,silvestre
2,768,113,silvestre
2,36,113,silvestre
2,432,113,silvestre
2,252,113,silvestre
2,192,113,silvestre
2,636,113,silvestre
2,132,113,silvestre
2,516,113,silvestre
2,12,113,silvestre
2,12,113,silvestre
2,60,113,silvestre
2,144,113,silvestre
2,72,113,silvestre
2,96,113,silvestre
2,684,113,silvestre
2,264,113,silvestre
2,264,113,silvestre
2,180,113,silvestre
2,768,113,silvestre
2,24,113,silvestre
2,48,113,silvestre
2,36,113,silvestre
2,264,113,silvestre
2,516,197,silvestre
2,840,197,silvestre
2,612,197,silvestre
2,372,197,silvestre
2,288,197,silvestre
2,372,197,silvestre
2,48,197,silvestre
2,528,197,silvestre
2,264,197,silvestre
2,132,197,silvestre
2,156,197,silvestre
2,336,197,silvestre
2,108,197,silvestre
2,180,197,silvestre
2,264,197,silvestre
2,492,197,silvestre
2,12,197,silvestre
2,396,197,silvestre
2,216,197,silvestre
2,36,197,silvestre
2,48,197,silvestre
2,408,197,silvestre
2,372,197,silvestre
2,360,197,silvestre
2,336,197,silvestre
2,96,197,silvestre
2,780,197,silvestre
2,312,197,silvestre
2,204,197,silvestre
2,768,197,silvestre
2,468,197,silvestre
2,168,197,silvestre
2,1404,197,silvestre
2,300,197,silvestre
2,372,197,silvestre
2,480,197,silvestre
2,120,197,silvestre
2,108,197,silvestre
2,360,197,silvestre
2,420,197,silvestre
2,384,197,silvestre
2,120,197,silvestre
2,528,197,silvestre
2,396,197,silvestre
2,336,197,silvestre
2,444,197,silvestre
2,444,197,silvestre
2,444,197,silvestre
2,468,197,silvestre
2,312,197,silvestre
2,456,197,silvestre
2,372,197,silvestre
2,12,197,silvestre
2,420,197,silvestre
2,120,197,silvestre
2,384,197,silvestre
2,276,197,silvestre
2,480,197,silvestre
2,324,197,silvestre
2,108,197,silvestre
2,240,197,silvestre
2,156,197,silvestre
2,768,197,silvestre
2,168,197,silvestre
2,756,197,silvestre
2,156,197,silvestre
2,504,197,silvestre
2,156,197,silvestre
2,252,197,silvestre
2,264,197,silvestre
2,180,197,silvestre
2,216,197,silvestre
2,72,197,silvestre
2,396,197,silvestre
2,156,197,silvestre
2,264,197,silvestre
2,396,197,silvestre
2,432,197,silvestre
2,744,197,silvestre
2,984,197,silvestre
2,1788,197,silvestre
2,444,197,silvestre
2,144,197,silvestre
2,324,197,silvestre
2,180,197,silvestre
2,396,197,silvestre
2,276,197,silvestre
2,60,197,silvestre
2,228,197,silvestre
2,228,197,silvestre
2,612,197,silvestre
2,660,197,silvestre
2,156,197,silvestre
2,840,197,silvestre
2,624,197,silvestre
2,396,197,silvestre
2,48,197,silvestre
2,456,197,silvestre
2,564,197,silvestre
2,36,197,silvestre
2,504,197,silvestre
2,408,197,silvestre
2,420,197,silvestre
2,744,197,silvestre
2,264,197,silvestre
2,48,197,silvestre
2,1020,712,silvestre
2,12,712,silvestre
2,24,712,silvestre
2,360,712,silvestre
2,672,712,silvestre
2,108,712,silvestre
2,252,712,silvestre
2,12,712,silvestre
2,372,712,silvestre
2,348,712,silvestre
2,300,712,silvestre
2,36,712,silvestre
2,84,712,silvestre
2,384,712,silvestre
2,312,712,silvestre
2,24,712,silvestre
2,168,712,silvestre
2,372,712,silvestre
2,132,712,silvestre
2,180,712,silvestre
2,204,712,silvestre
2,192,712,silvestre
2,108,712,silvestre
2,168,712,silvestre
2,72,712,silvestre
2,216,712,silvestre
2,144,712,silvestre
2,600,712,silvestre
2,144,712,silvestre
2,192,712,silvestre
2,108,712,silvestre
2,240,712,silvestre
2,192,712,silvestre
2,324,712,silvestre
2,300,712,silvestre
2,168,712,silvestre
2,228,712,silvestre
2,228,712,silvestre
2,348,712,silvestre
2,36,712,silvestre
2,1116,712,silvestre
2,96,712,silvestre
2,108,712,silvestre
2,504,712,silvestre
2,576,712,silvestre
2,228,712,silvestre
2,60,712,silvestre
2,216,712,silvestre
2,300,712,silvestre
2,360,712,silvestre
2,708,712,silvestre
2,48,712,silvestre
2,492,712,silvestre
2,144,712,silvestre
2,72,712,silvestre
2,456,712,silvestre
2,216,712,silvestre
2,12,712,silvestre
2,120,712,silvestre
2,96,712,silvestre
2,252,712,silvestre
2,360,712,silvestre
2,132,712,silvestre
2,48,712,silvestre
2,228,712,silvestre
2,720,712,silvestre
2,864,712,silvestre
2,576,712,silvestre
2,396,712,silvestre
2,588,712,silvestre
2,48,712,silvestre
2,168,712,silvestre
2,420,712,silvestre
2,156,712,silvestre
2,360,712,silvestre
2,72,712,silvestre
2,1620,712,silvestre
2,312,712,silvestre
2,420,712,silvestre
2,144,712,silvestre
2,24,712,silvestre
2,240,712,silvestre
2,132,712,silvestre
2,204,712,silvestre
2,60,712,silvestre
2,372,712,silvestre
2,36,712,silvestre
2,336,712,silvestre
2,408,712,silvestre
2,432,712,silvestre
2,360,712,silvestre
2,24,712,silvestre
2,60,712,silvestre
2,408,712,silvestre
2,60,712,silvestre
2,72,712,silvestre
2,72,712,silvestre
2,468,712,silvestre
2,168,712,silvestre
2,36,712,silvestre
2,132,712,silvestre
2,468,712,silvestre
2,636,712,silvestre
2,108,712,silvestre
2,24,712,silvestre
2,312,712,silvestre
2,132,712,silvestre
2,744,712,silvestre
2,528,712,silvestre
2,180,712,silvestre
2,396,712,silvestre
2,264,712,silvestre
2,564,712,silvestre
2,60,712,silvestre
2,444,712,silvestre
2,132,712,silvestre
2,636,712,silvestre
2,840,712,silvestre
2,672,712,silvestre
2,48,712,silvestre
2,216,712,silvestre
2,504,712,silvestre
2,168,712,silvestre
2,324,712,silvestre
2,600,712,silvestre
2,108,712,silvestre
2,144,712,silvestre
2,228,712,silvestre
2,156,712,silvestre
2,180,712,silvestre
2,408,712,silvestre
2,684,712,silvestre
2,60,712,silvestre
2,624,742,silvestre
2,156,742,silvestre
2,552,742,silvestre
2,960,742,silvestre
2,348,742,silvestre
2,624,742,silvestre
2,348,742,silvestre
2,708,742,silvestre
2,300,742,silvestre
2,1020,742,silvestre
2,192,742,silvestre
2,552,742,silvestre
2,564,742,silvestre
2,684,742,silvestre
2,348,742,silvestre
2,384,742,silvestre
2,132,742,silvestre
2,252,742,silvestre
2,132,742,silvestre
2,372,742,silvestre
2,120,742,silvestre
2,348,742,silvestre
2,216,742,silvestre
2,240,742,silvestre
2,528,742,silvestre
2,84,742,silvestre
2,408,742,silvestre
2,288,742,silvestre
2,180,742,silvestre
2,24,742,silvestre
2,72,742,silvestre
2,60,742,silvestre
2,348,742,silvestre
2,240,742,silvestre
2,144,742,silvestre
2,96,742,silvestre
2,444,742,silvestre
2,624,742,silvestre
2,816,742,silvestre
2,12,742,silvestre
2,108,742,silvestre
2,168,742,silvestre
2,480,742,silvestre
2,168,742,silvestre
2,180,742,silvestre
2,192,742,silvestre
2,264,742,silvestre
2,552,742,silvestre
2,468,742,silvestre
2,24,742,silvestre
2,300,742,silvestre
2,492,742,silvestre
2,336,742,silvestre
2,72,742,silvestre
2,144,742,silvestre
2,36,742,silvestre
2,420,742,silvestre
2,312,742,silvestre
2,360,742,silvestre
2,456,742,silvestre
2,240,742,silvestre
2,300,742,silvestre
2,252,742,silvestre
2,348,742,silvestre
2,480,742,silvestre
2,300,742,silvestre
2,624,742,silvestre
2,876,742,silvestre
2,396,742,silvestre
2,468,742,silvestre
2,204,742,silvestre
2,60,742,silvestre
2,480,742,silvestre
2,348,742,silvestre
2,60,742,silvestre
2,96,742,silvestre
2,636,742,silvestre
2,324,742,silvestre
2,384,742,silvestre
2,324,742,silvestre
2,252,742,silvestre
2,336,742,silvestre
2,24,742,silvestre
2,12,742,silvestre
2,132,742,silvestre
2,48,742,silvestre
2,732,742,silvestre
2,708,742,silvestre
2,180,742,silvestre
2,300,742,silvestre
2,120,742,silvestre
2,516,742,silvestre
2,300,742,silvestre
2,72,742,silvestre
2,144,742,silvestre
2,300,742,silvestre
2,432,742,silvestre
2,324,742,silvestre
2,12,742,silvestre
2,336,742,silvestre
2,144,742,silvestre
2,324,742,silvestre
2,720,742,silvestre
2,132,742,silvestre
2,132,742,silvestre
2,132,742,silvestre
2,828,742,silvestre
2,408,742,silvestre
2,132,742,silvestre
2,432,742,silvestre
2,84,742,silvestre
2,12,742,silvestre
2,24,742,silvestre
2,144,742,silvestre
2,36,742,silvestre
2,132,742,silvestre
2,300,742,silvestre
2,300,742,silvestre
2,396,742,silvestre
2,288,742,silvestre
2,276,742,silvestre
2,240,742,silvestre
2,792,742,silvestre
2,540,742,silvestre
2,336,742,silvestre
2,252,742,silvestre
2,336,742,silvestre
2,516,742,silvestre
2,192,750,silvestre
2,156,750,silvestre
2,48,750,silvestre
2,264,750,silvestre
2,912,750,silvestre
2,12,750,silvestre
2,144,750,silvestre
2,252,750,silvestre
2,144,750,silvestre
2,96,750,silvestre
2,120,750,silvestre
2,348,750,silvestre
2,300,750,silvestre
2,360,750,silvestre
2,48,750,silvestre
2,408,750,silvestre
2,312,750,silvestre
2,384,750,silvestre
2,24,750,silvestre
2,192,750,silvestre
2,300,750,silvestre
2,156,750,silvestre
2,240,750,silvestre
2,180,750,silvestre
2,156,750,silvestre
2,588,750,silvestre
2,252,750,silvestre
2,60,750,silvestre
2,168,750,silvestre
2,300,750,silvestre
2,156,750,silvestre
2,60,750,silvestre
2,96,750,silvestre
2,336,750,silvestre
2,276,750,silvestre
2,48,750,silvestre
2,216,750,silvestre
2,180,750,silvestre
2,24,750,silvestre
2,360,750,silvestre
2,60,750,silvestre
2,216,750,silvestre
2,60,750,silvestre
2,60,750,silvestre
2,48,750,silvestre
2,312,750,silvestre
2,36,750,silvestre
2,96,750,silvestre
2,60,750,silvestre
2,252,750,silvestre
2,60,750,silvestre
2,96,750,silvestre
2,72,750,silvestre
2,60,750,silvestre
2,156,750,silvestre
2,108,750,silvestre
2,240,750,silvestre
2,192,750,silvestre
2,84,750,silvestre
2,276,750,silvestre
2,132,750,silvestre
2,36,750,silvestre
2,204,750,silvestre
2,84,750,silvestre
2,60,750,silvestre
2,180,750,silvestre
2,156,750,silvestre
2,192,750,silvestre
2,108,750,silvestre
2,168,750,silvestre
2,60,750,silvestre
2,324,750,silvestre
2,132,750,silvestre
2,204,750,silvestre
2,252,750,silvestre
2,108,750,silvestre
2,48,750,silvestre
2,216,750,silvestre
2,84,750,silvestre
2,48,750,silvestre
2,108,750,silvestre
2,168,750,silvestre
2,84,750,silvestre
2,120,750,silvestre
2,36,750,silvestre
2,360,750,silvestre
2,180,750,silvestre
2,36,750,silvestre
2,108,750,silvestre
2,180,750,silvestre
2,252,750,silvestre
2,12,750,silvestre
2,312,750,silvestre
2,204,750,silvestre
2,792,750,silvestre
2,180,750,silvestre
2,84,750,silvestre
2,24,750,silvestre
2,60,750,silvestre
2,420,750,silvestre
2,444,750,silvestre
2,456,750,silvestre
2,348,750,silvestre
2,384,750,silvestre
2,156,750,silvestre
2,288,750,silvestre
2,132,750,silvestre
2,252,750,silvestre
2,168,750,silvestre
2,84,750,silvestre
2,432,750,silvestre
2,180,750,silvestre
2,48,750,silvestre
2,156,750,silvestre
2,72,750,silvestre
2,288,750,silvestre
2,60,750,silvestre
2,216,750,silvestre
2,216,750,silvestre
2,168,750,silvestre
2,96,750,silvestre
2,108,750,silvestre
2,12,750,silvestre
2,120,750,silvestre
2,60,750,silvestre
2,60,750,silvestre
2,120,750,silvestre
2,60,750,silvestre
2,144,750,silvestre
2,168,750,silvestre
2,180,750,silvestre
2,156,750,silvestre
2,408,750,silvestre
2,132,750,silvestre
2,60,750,silvestre
2,312,750,silvestre
2,60,750,silvestre
2,120,755,silvestre
2,336,755,silvestre
2,48,755,silvestre
2,96,755,silvestre
2,60,755,silvestre
2,132,755,silvestre
2,144,755,silvestre
2,84,755,silvestre
2,384,755,silvestre
2,204,755,silvestre
2,96,755,silvestre
2,336,755,silvestre
2,108,755,silvestre
2,144,755,silvestre
2,216,755,silvestre
2,48,755,silvestre
2,84,755,silvestre
2,24,755,silvestre
2,72,755,silvestre
2,156,755,silvestre
2,60,755,silvestre
2,216,755,silvestre
2,120,755,silvestre
2,144,755,silvestre
2,24,755,silvestre
2,72,755,silvestre
2,96,755,silvestre
2,108,755,silvestre
2,156,755,silvestre
2,468,755,silvestre
2,228,755,silvestre
2,36,755,silvestre
2,456,755,silvestre
2,96,755,silvestre
2,60,755,silvestre
2,84,755,silvestre
2,48,755,silvestre
2,60,755,silvestre
2,204,755,silvestre
2,312,755,silvestre
2,264,755,silvestre
2,36,755,silvestre
2,84,755,silvestre
2,360,755,silvestre
2,324,755,silvestre
2,60,755,silvestre
2,276,755,silvestre
2,276,755,silvestre
2,132,755,silvestre
2,108,755,silvestre
2,348,755,silvestre
2,156,755,silvestre
2,384,755,silvestre
2,384,755,silvestre
2,36,755,silvestre
2,240,755,silvestre
2,36,755,silvestre
2,48,755,silvestre
2,72,755,silvestre
2,60,755,silvestre
2,180,755,silvestre
2,48,755,silvestre
2,156,755,silvestre
2,168,755,silvestre
2,396,755,silvestre
2,264,755,silvestre
2,648,755,silvestre
2,192,755,silvestre
2,276,755,silvestre
2,288,755,silvestre
2,96,755,silvestre
2,240,755,silvestre
2,600,755,silvestre
2,456,755,silvestre
2,228,755,silvestre
2,192,755,silvestre
2,96,755,silvestre
2,120,755,silvestre
2,276,755,silvestre
2,48,755,silvestre
2,228,755,silvestre
2,204,755,silvestre
2,120,755,silvestre
2,384,755,silvestre
2,264,755,silvestre
2,264,755,silvestre
2,360,755,silvestre
2,384,755,silvestre
2,168,755,silvestre
2,36,755,silvestre
2,36,755,silvestre
2,36,755,silvestre
2,132,755,silvestre
2,264,755,silvestre
2,312,755,silvestre
2,312,755,silvestre
2,48,755,silvestre
2,144,755,silvestre
2,192,755,silvestre
2,156,755,silvestre
2,96,755,silvestre
2,1284,755,silvestre
2,144,755,silvestre
2,132,755,silvestre
2,288,755,silvestre
2,360,755,silvestre
2,132,755,silvestre
2,156,755,silvestre
2,372,755,silvestre
2,108,755,silvestre
2,1236,755,silvestre
2,204,755,silvestre
2,48,755,silvestre
2,216,755,silvestre
2,228,755,silvestre
2,48,755,silvestre
2,72,755,silvestre
2,324,755,silvestre
2,132,755,silvestre
2,276,755,silvestre
2,276,755,silvestre
2,168,755,silvestre
2,276,755,silvestre
2,552,755,silvestre
2,552,755,silvestre
2,216,755,silvestre
2,60,755,silvestre
2,360,755,silvestre
2,168,755,silvestre
2,204,755,silvestre
2,432,755,silvestre
2,24,755,silvestre
2,384,755,silvestre
2,204,755,silvestre
2,72,755,silvestre
2,228,755,silvestre
2,72,755,silvestre
2,444,755,silvestre
2,72,755,silvestre
2,504,755,silvestre
2,36,755,silvestre
2,420,755,silvestre
2,84,755,silvestre
2,24,755,silvestre
2,276,755,silvestre
2,300,755,silvestre
2,552,755,silvestre
2,60,755,silvestre
2,192,755,silvestre
2,84,755,silvestre
2,312,755,silvestre
2,384,755,silvestre
2,108,755,silvestre
2,252,755,silvestre
2,684,755,silvestre
2,384,755,silvestre
2,312,755,silvestre
2,276,109,txcb
2,336,109,txcb
2,456,109,txcb
2,60,109,txcb
2,96,109,txcb
2,792,109,txcb
2,96,109,txcb
2,252,109,txcb
2,192,109,txcb
2,1020,109,txcb
2,96,109,txcb
2,444,109,txcb
2,120,109,txcb
2,132,109,txcb
2,204,109,txcb
2,108,109,txcb
2,72,109,txcb
2,684,109,txcb
2,744,109,txcb
2,252,109,txcb
2,528,109,txcb
2,144,109,txcb
2,312,109,txcb
2,96,109,txcb
2,756,109,txcb
2,204,109,txcb
2,252,109,txcb
2,444,109,txcb
2,108,109,txcb
2,348,109,txcb
2,96,109,txcb
2,864,109,txcb
2,204,109,txcb
2,120,109,txcb
2,120,109,txcb
2,252,109,txcb
2,204,109,txcb
2,372,109,txcb
2,432,109,txcb
2,264,109,txcb
2,228,109,txcb
2,168,109,txcb
2,60,109,txcb
2,108,109,txcb
2,156,109,txcb
2,36,109,txcb
2,108,109,txcb
2,120,109,txcb
2,108,109,txcb
2,72,109,txcb
2,516,109,txcb
2,408,109,txcb
2,120,109,txcb
2,168,109,txcb
2,204,109,txcb
2,72,109,txcb
2,96,109,txcb
2,48,109,txcb
2,396,109,txcb
2,132,109,txcb
2,48,109,txcb
2,60,109,txcb
2,240,109,txcb
2,72,109,txcb
2,168,109,txcb
2,240,109,txcb
2,60,109,txcb
2,72,109,txcb
2,84,109,txcb
2,60,109,txcb
2,36,109,txcb
2,192,109,txcb
2,156,109,txcb
2,324,109,txcb
2,108,109,txcb
2,156,109,txcb
2,228,109,txcb
2,264,109,txcb
2,36,109,txcb
2,216,109,txcb
2,300,109,txcb
2,360,109,txcb
2,156,109,txcb
2,72,109,txcb
2,72,109,txcb
2,180,109,txcb
2,312,109,txcb
2,108,109,txcb
2,192,109,txcb
2,84,109,txcb
2,156,109,txcb
2,852,109,txcb
2,888,109,txcb
2,480,109,txcb
2,252,109,txcb
2,36,109,txcb
2,48,109,txcb
2,180,109,txcb
2,324,109,txcb
2,120,109,txcb
2,360,109,txcb
2,324,109,txcb
2,528,109,txcb
2,36,109,txcb
2,408,109,txcb
2,312,109,txcb
2,120,109,txcb
2,84,109,txcb
2,96,109,txcb
2,312,109,txcb
2,96,109,txcb
2,48,109,txcb
2,96,109,txcb
2,192,109,txcb
2,204,109,txcb
2,312,109,txcb
2,180,109,txcb
2,396,109,txcb
2,12,109,txcb
2,132,109,txcb
2,420,109,txcb
2,108,109,txcb
2,84,109,txcb
2,372,109,txcb
2,552,109,txcb
2,144,109,txcb
2,300,109,txcb
2,72,109,txcb
2,528,132,txcb
2,12,132,txcb
2,180,132,txcb
2,336,132,txcb
2,12,132,txcb
2,96,132,txcb
2,48,132,txcb
2,156,132,txcb
2,132,132,txcb
2,168,132,txcb
2,84,132,txcb
2,324,132,txcb
2,108,132,txcb
2,240,132,txcb
2,48,132,txcb
2,156,132,txcb
2,48,132,txcb
2,192,132,txcb
2,972,132,txcb
2,324,132,txcb
2,24,132,txcb
2,180,132,txcb
2,408,132,txcb
2,108,132,txcb
2,156,132,txcb
2,324,132,txcb
2,84,132,txcb
2,72,132,txcb
2,120,132,txcb
2,36,132,txcb
2,468,132,txcb
2,132,132,txcb
2,384,132,txcb
2,48,132,txcb
2,600,132,txcb
2,180,132,txcb
2,156,132,txcb
2,36,132,txcb
2,240,132,txcb
2,144,132,txcb
2,72,132,txcb
2,252,132,txcb
2,48,132,txcb
2,228,132,txcb
2,84,132,txcb
2,324,132,txcb
2,312,132,txcb
2,336,132,txcb
2,252,132,txcb
2,36,132,txcb
2,276,132,txcb
2,264,132,txcb
2,120,132,txcb
2,504,132,txcb
2,12,132,txcb
2,384,132,txcb
2,84,132,txcb
2,60,132,txcb
2,324,132,txcb
2,108,132,txcb
2,564,132,txcb
2,444,132,txcb
2,612,132,txcb
2,84,132,txcb
2,36,132,txcb
2,216,132,txcb
2,108,132,txcb
2,48,132,txcb
2,108,132,txcb
2,132,132,txcb
2,96,132,txcb
2,132,132,txcb
2,84,132,txcb
2,48,132,txcb
2,480,132,txcb
2,96,132,txcb
2,312,132,txcb
2,144,132,txcb
2,144,132,txcb
2,180,132,txcb
2,300,132,txcb
2,120,132,txcb
2,372,132,txcb
2,108,132,txcb
2,24,132,txcb
2,156,132,txcb
2,144,132,txcb
2,192,132,txcb
2,72,132,txcb
2,120,132,txcb
2,120,132,txcb
2,72,132,txcb
2,156,132,txcb
2,132,132,txcb
2,72,132,txcb
2,108,132,txcb
2,84,132,txcb
2,192,132,txcb
2,72,132,txcb
2,12,132,txcb
2,48,132,txcb
2,12,132,txcb
2,360,132,txcb
2,288,132,txcb
2,84,132,txcb
2,384,132,txcb
2,192,132,txcb
2,156,132,txcb
2,72,132,txcb
2,108,132,txcb
2,24,132,txcb
2,144,132,txcb
2,252,132,txcb
2,276,132,txcb
2,60,132,txcb
2,168,132,txcb
2,12,132,txcb
2,84,132,txcb
2,708,132,txcb
2,204,132,txcb
2,120,132,txcb
2,312,132,txcb
2,276,132,txcb
2,180,132,txcb
2,48,132,txcb
2,108,132,txcb
2,408,132,txcb
2,468,132,txcb
2,96,132,txcb
2,216,132,txcb
2,72,132,txcb
2,60,132,txcb
2,144,132,txcb
2,84,132,txcb
2,12,132,txcb
2,192,132,txcb
2,84,132,txcb
2,204,132,txcb
2,168,132,txcb
2,108,132,txcb
2,360,132,txcb
2,60,132,txcb
2,192,132,txcb
2,396,132,txcb
2,396,132,txcb
2,60,132,txcb
2,360,132,txcb
2,48,132,txcb
2,420,132,txcb
2,180,132,txcb
2,144,132,txcb
2,12,132,txcb
2,120,132,txcb
2,384,132,txcb
2,84,132,txcb
2,120,132,txcb
2,264,132,txcb
2,168,132,txcb
2,180,132,txcb
2,240,132,txcb
2,288,132,txcb
2,300,132,txcb
2,84,132,txcb
2,84,159,txcb
2,156,159,txcb
2,336,159,txcb
2,252,159,txcb
2,72,159,txcb
2,36,159,txcb
2,132,159,txcb
2,72,159,txcb
2,108,159,txcb
2,84,159,txcb
2,12,159,txcb
2,156,159,txcb
2,192,159,txcb
2,60,159,txcb
2,132,159,txcb
2,276,159,txcb
2,72,159,txcb
2,144,159,txcb
2,60,159,txcb
2,156,159,txcb
2,108,159,txcb
2,240,159,txcb
2,132,159,txcb
2,384,159,txcb
2,108,159,txcb
2,180,159,txcb
2,72,159,txcb
2,48,159,txcb
2,72,159,txcb
2,204,159,txcb
2,312,159,txcb
2,192,159,txcb
2,84,159,txcb
2,48,159,txcb
2,312,159,txcb
2,252,159,txcb
2,408,159,txcb
2,12,159,txcb
2,204,159,txcb
2,312,159,txcb
2,48,159,txcb
2,60,159,txcb
2,156,159,txcb
2,240,159,txcb
2,72,159,txcb
2,300,159,txcb
2,84,159,txcb
2,228,159,txcb
2,252,159,txcb
2,552,159,txcb
2,24,159,txcb
2,492,159,txcb
2,384,159,txcb
2,192,159,txcb
2,312,159,txcb
2,24,159,txcb
2,108,159,txcb
2,204,159,txcb
2,156,159,txcb
2,252,159,txcb
2,156,159,txcb
2,108,159,txcb
2,108,159,txcb
2,84,159,txcb
2,228,159,txcb
2,168,159,txcb
2,96,159,txcb
2,84,159,txcb
2,120,159,txcb
2,60,159,txcb
2,336,159,txcb
2,96,159,txcb
2,144,159,txcb
2,132,159,txcb
2,192,159,txcb
2,204,159,txcb
2,60,159,txcb
2,192,159,txcb
2,36,159,txcb
2,84,159,txcb
2,192,159,txcb
2,84,159,txcb
2,180,159,txcb
2,132,159,txcb
2,120,159,txcb
2,204,159,txcb
2,96,159,txcb
2,48,159,txcb
2,96,159,txcb
2,72,159,txcb
2,48,159,txcb
2,96,159,txcb
2,96,159,txcb
2,72,159,txcb
2,60,159,txcb
2,144,159,txcb
2,96,159,txcb
2,36,159,txcb
2,144,159,txcb
2,144,159,txcb
2,96,159,txcb
2,96,159,txcb
2,144,159,txcb
2,96,159,txcb
2,180,159,txcb
2,456,159,txcb
2,276,159,txcb
2,180,159,txcb
2,228,159,txcb
2,12,159,txcb
2,156,159,txcb
2,72,159,txcb
2,180,159,txcb
2,204,159,txcb
2,108,159,txcb
2,180,159,txcb
2,60,159,txcb
2,144,159,txcb
2,48,159,txcb
2,444,159,txcb
2,336,159,txcb
2,468,159,txcb
2,108,159,txcb
2,216,159,txcb
2,36,159,txcb
2,84,159,txcb
2,12,159,txcb
2,252,159,txcb
2,108,159,txcb
2,168,159,txcb
2,216,159,txcb
2,372,159,txcb
2,168,159,txcb
2,156,159,txcb
2,96,159,txcb
2,288,159,txcb
2,204,159,txcb
2,156,159,txcb
2,36,159,txcb
2,48,159,txcb
2,36,159,txcb
2,48,159,txcb
2,96,159,txcb
2,216,159,txcb
2,72,159,txcb
2,84,159,txcb
2,84,159,txcb
2,36,159,txcb
2,36,159,txcb
2,204,159,txcb
2,48,159,txcb
2,24,159,txcb
2,168,159,txcb
2,60,159,txcb
2,36,159,txcb
2,168,159,txcb
2,156,159,txcb
2,60,159,txcb
2,96,159,txcb
2,132,159,txcb
2,48,159,txcb
2,84,159,txcb
2,36,159,txcb
2,84,159,txcb
2,60,159,txcb
2,228,159,txcb
2,24,159,txcb
2,372,159,txcb
2,72,159,txcb
2,276,160,txcb
2,168,160,txcb
2,72,160,txcb
2,276,160,txcb
2,144,160,txcb
2,540,160,txcb
2,168,160,txcb
2,132,160,txcb
2,312,160,txcb
2,468,160,txcb
2,420,160,txcb
2,336,160,txcb
2,360,160,txcb
2,108,160,txcb
2,384,160,txcb
2,456,160,txcb
2,216,160,txcb
2,876,160,txcb
2,168,160,txcb
2,84,160,txcb
2,264,160,txcb
2,252,160,txcb
2,180,160,txcb
2,240,160,txcb
2,180,160,txcb
2,456,160,txcb
2,84,160,txcb
2,144,160,txcb
2,12,160,txcb
2,300,160,txcb
2,384,160,txcb
2,276,160,txcb
2,408,160,txcb
2,276,160,txcb
2,96,160,txcb
2,60,160,txcb
2,72,160,txcb
2,480,160,txcb
2,228,160,txcb
2,132,160,txcb
2,372,160,txcb
2,396,160,txcb
2,192,160,txcb
2,240,160,txcb
2,180,160,txcb
2,324,160,txcb
2,84,160,txcb
2,540,160,txcb
2,384,160,txcb
2,48,160,txcb
2,360,160,txcb
2,528,160,txcb
2,60,160,txcb
2,612,160,txcb
2,408,160,txcb
2,324,160,txcb
2,168,160,txcb
2,60,160,txcb
2,252,160,txcb
2,276,160,txcb
2,156,160,txcb
2,72,160,txcb
2,768,160,txcb
2,516,160,txcb
2,156,160,txcb
2,360,160,txcb
2,144,160,txcb
2,96,160,txcb
2,156,160,txcb
2,180,160,txcb
2,120,160,txcb
2,312,160,txcb
2,24,160,txcb
2,168,160,txcb
2,180,160,txcb
2,96,160,txcb
2,276,160,txcb
2,36,160,txcb
2,60,160,txcb
2,108,160,txcb
2,132,160,txcb
2,132,160,txcb
2,72,160,txcb
2,312,160,txcb
2,48,160,txcb
2,336,160,txcb
2,24,160,txcb
2,360,160,txcb
2,180,160,txcb
2,216,160,txcb
2,72,160,txcb
2,96,160,txcb
2,180,160,txcb
2,96,160,txcb
2,156,160,txcb
2,252,160,txcb
2,204,160,txcb
2,396,160,txcb
2,60,160,txcb
2,792,160,txcb
2,312,160,txcb
2,252,160,txcb
2,264,160,txcb
2,60,160,txcb
2,276,160,txcb
2,528,160,txcb
2,144,160,txcb
2,180,160,txcb
2,804,160,txcb
2,132,160,txcb
2,312,160,txcb
2,276,160,txcb
2,504,160,txcb
2,60,160,txcb
2,444,160,txcb
2,132,160,txcb
2,108,160,txcb
2,528,160,txcb
2,60,786,txcb
2,372,786,txcb
2,144,786,txcb
2,180,786,txcb
2,336,786,txcb
2,288,786,txcb
2,84,786,txcb
2,132,786,txcb
2,252,786,txcb
2,84,786,txcb
2,504,786,txcb
2,24,786,txcb
2,276,786,txcb
2,108,786,txcb
2,156,786,txcb
2,168,786,txcb
2,180,786,txcb
2,564,786,txcb
2,264,786,txcb
2,180,786,txcb
2,348,786,txcb
2,72,786,txcb
2,60,786,txcb
2,72,786,txcb
2,132,786,txcb
2,252,786,txcb
2,180,786,txcb
2,468,786,txcb
2,132,786,txcb
2,132,786,txcb
2,240,786,txcb
2,456,786,txcb
2,108,786,txcb
2,60,786,txcb
2,276,786,txcb
2,96,786,txcb
2,180,786,txcb
2,60,786,txcb
2,336,786,txcb
2,156,786,txcb
2,408,786,txcb
2,60,786,txcb
2,228,786,txcb
2,336,786,txcb
2,240,786,txcb
2,276,786,txcb
2,216,786,txcb
2,48,786,txcb
2,144,786,txcb
2,96,786,txcb
2,60,786,txcb
2,120,786,txcb
2,168,786,txcb
2,144,786,txcb
2,144,786,txcb
2,204,786,txcb
2,84,786,txcb
2,60,786,txcb
2,168,786,txcb
2,228,786,txcb
2,192,786,txcb
2,156,786,txcb
2,96,786,txcb
2,336,786,txcb
2,108,786,txcb
2,84,786,txcb
2,48,786,txcb
2,72,786,txcb
2,72,786,txcb
2,96,786,txcb
2,156,786,txcb
2,72,786,txcb
2,144,786,txcb
2,840,786,txcb
2,300,786,txcb
2,108,786,txcb
2,60,786,txcb
2,192,786,txcb
2,204,786,txcb
2,336,786,txcb
2,348,786,txcb
2,336,786,txcb
2,108,786,txcb
2,72,786,txcb
2,156,786,txcb
2,120,786,txcb
2,60,786,txcb
2,72,786,txcb
2,72,786,txcb
2,204,786,txcb
2,96,786,txcb
2,192,786,txcb
2,156,786,txcb
2,228,786,txcb
2,96,786,txcb
2,324,786,txcb
2,252,786,txcb
2,120,786,txcb
2,372,786,txcb
2,216,786,txcb
2,132,786,txcb
2,168,786,txcb
2,240,786,txcb
2,12,786,txcb
2,192,786,txcb
2,132,786,txcb
2,420,786,txcb
2,204,786,txcb
2,192,786,txcb
2,336,786,txcb
2,108,786,txcb
2,264,786,txcb
2,600,786,txcb
2,600,786,txcb
2,84,786,txcb
2,108,786,txcb
2,216,786,txcb
2,60,786,txcb
2,48,786,txcb
2,132,786,txcb
2,84,786,txcb
2,48,786,txcb
2,96,786,txcb
2,792,786,txcb
2,72,786,txcb
2,168,786,txcb
2,144,786,txcb
2,384,786,txcb
2,252,786,txcb
2,288,786,txcb
2,312,786,txcb
2,288,786,txcb
2,72,786,txcb
2,96,786,txcb
2,72,786,txcb
2,132,786,txcb
2,48,786,txcb
2,240,786,txcb
2,432,786,txcb
2,132,786,txcb
2,444,786,txcb
2,204,786,txcb
2,336,786,txcb
2,228,786,txcb
2,168,786,txcb
2,72,786,txcb
2,276,786,txcb
2,312,786,txcb
2,192,786,txcb
2,156,786,txcb
2,168,786,txcb
2,132,786,txcb
2,360,786,txcb
2,132,786,txcb
2,240,786,txcb
2,516,786,txcb
2,24,786,txcb
2,60,786,txcb
2,168,786,txcb
2,180,786,txcb
2,696,786,txcb
2,108,786,txcb
2,324,786,txcb
2,132,786,txcb
2,120,786,txcb
2,444,786,txcb
2,168,786,txcb
2,60,786,txcb
2,348,786,txcb
2,720,786,txcb
2,48,786,txcb
2,192,786,txcb
2,132,786,txcb
2,252,786,txcb
2,132,786,txcb
2,444,786,txcb
2,144,786,txcb
2,324,786,txcb
2,108,786,txcb
2,96,786,txcb
2,336,786,txcb
2,540,88,txcb
2,132,88,txcb
2,96,88,txcb
2,408,88,txcb
2,168,88,txcb
2,432,88,txcb
2,432,88,txcb
2,84,88,txcb
2,84,88,txcb
2,276,88,txcb
2,240,88,txcb
2,168,88,txcb
2,168,88,txcb
2,456,88,txcb
2,60,88,txcb
2,192,88,txcb
2,276,88,txcb
2,108,88,txcb
2,144,88,txcb
2,300,88,txcb
2,72,88,txcb
2,60,88,txcb
2,60,88,txcb
2,60,88,txcb
2,144,88,txcb
2,24,88,txcb
2,132,88,txcb
2,444,88,txcb
2,216,88,txcb
2,468,88,txcb
2,96,88,txcb
2,96,88,txcb
2,96,88,txcb
2,36,88,txcb
2,156,88,txcb
2,300,88,txcb
2,96,88,txcb
2,264,88,txcb
2,204,88,txcb
2,72,88,txcb
2,72,88,txcb
2,168,88,txcb
2,108,88,txcb
2,156,88,txcb
2,48,88,txcb
2,144,88,txcb
2,12,88,txcb
2,60,88,txcb
2,312,88,txcb
2,228,88,txcb
2,240,88,txcb
2,156,88,txcb
2,204,88,txcb
2,252,88,txcb
2,396,88,txcb
2,72,88,txcb
2,96,88,txcb
2,444,88,txcb
2,516,88,txcb
2,96,88,txcb
2,228,88,txcb
2,156,88,txcb
2,324,88,txcb
2,84,88,txcb
2,72,88,txcb
2,192,88,txcb
2,600,88,txcb
2,276,88,txcb
2,396,88,txcb
2,108,88,txcb
2,108,88,txcb
2,120,88,txcb
2,492,88,txcb
2,204,88,txcb
2,360,88,txcb
2,288,88,txcb
2,156,88,txcb
2,288,88,txcb
2,276,88,txcb
2,96,88,txcb
2,120,88,txcb
2,60,88,txcb
2,84,88,txcb
2,444,88,txcb
2,180,88,txcb
2,336,88,txcb
2,132,88,txcb
2,36,88,txcb
2,84,88,txcb
2,204,88,txcb
2,300,88,txcb
2,120,88,txcb
2,228,88,txcb
2,168,88,txcb
2,180,88,txcb
2,840,88,txcb
2,108,88,txcb
2,528,88,txcb
2,300,88,txcb
2,240,88,txcb
2,324,88,txcb
2,120,88,txcb
2,48,88,txcb
2,132,88,txcb
2,144,88,txcb
2,468,88,txcb
2,312,88,txcb
2,72,88,txcb
2,60,88,txcb
2,180,88,txcb
2,108,88,txcb
2,180,88,txcb
2,492,88,txcb
2,72,88,txcb
2,96,88,txcb
2,120,88,txcb
2,300,88,txcb
2,96,88,txcb
2,516,88,txcb
2,276,88,txcb
2,576,88,txcb
2,348,88,txcb
2,132,88,txcb
2,120,88,txcb
2,240,88,txcb
2,120,88,txcb
2,36,93,txcb
2,72,93,txcb
2,264,93,txcb
2,252,93,txcb
2,132,93,txcb
2,36,93,txcb
2,252,93,txcb
2,36,93,txcb
2,144,93,txcb
2,180,93,txcb
2,132,93,txcb
2,156,93,txcb
2,48,93,txcb
2,60,93,txcb
2,168,93,txcb
2,60,93,txcb
2,24,93,txcb
2,420,93,txcb
2,48,93,txcb
2,96,93,txcb
2,72,93,txcb
2,60,93,txcb
2,288,93,txcb
2,384,93,txcb
2,84,93,txcb
2,144,93,txcb
2,72,93,txcb
2,120,93,txcb
2,120,93,txcb
2,132,93,txcb
2,120,93,txcb
2,12,93,txcb
2,144,93,txcb
2,96,93,txcb
2,120,93,txcb
2,264,93,txcb
2,168,93,txcb
2,252,93,txcb
2,156,93,txcb
2,252,93,txcb
2,216,93,txcb
2,72,93,txcb
2,276,93,txcb
2,276,93,txcb
2,216,93,txcb
2,36,93,txcb
2,576,93,txcb
2,60,93,txcb
2,204,93,txcb
2,264,93,txcb
2,84,93,txcb
2,84,93,txcb
2,108,93,txcb
2,72,93,txcb
2,108,93,txcb
2,192,93,txcb
2,72,93,txcb
2,72,93,txcb
2,84,93,txcb
2,156,93,txcb
2,60,93,txcb
2,108,93,txcb
2,24,93,txcb
2,72,93,txcb
2,228,93,txcb
2,300,93,txcb
2,324,93,txcb
2,132,93,txcb
2,144,93,txcb
2,156,93,txcb
2,336,93,txcb
2,84,93,txcb
2,12,93,txcb
2,96,93,txcb
2,228,93,txcb
2,276,93,txcb
2,228,93,txcb
2,252,93,txcb
2,348,93,txcb
2,48,93,txcb
2,24,93,txcb
2,132,93,txcb
2,384,93,txcb
2,396,93,txcb
2,1020,93,txcb
2,108,93,txcb
2,372,93,txcb
2,264,93,txcb
2,300,93,txcb
2,756,93,txcb
2,384,93,txcb
2,240,93,txcb
2,12,93,txcb
2,96,93,txcb
2,480,93,txcb
2,336,93,txcb
2,828,93,txcb
2,72,93,txcb
2,96,93,txcb
2,120,93,txcb
2,144,93,txcb
2,120,93,txcb
2,48,93,txcb
2,72,93,txcb
2,108,93,txcb
2,372,93,txcb
2,120,93,txcb
2,612,93,txcb
2,300,93,txcb
2,828,93,txcb
2,156,93,txcb
2,120,93,txcb
2,792,93,txcb
2,612,93,txcb
2,60,93,txcb
2,48,93,txcb
2,672,93,txcb
2,360,93,txcb
2,420,93,txcb
2,36,93,txcb
2,168,93,txcb
2,300,93,txcb
2,168,93,txcb
2,60,93,txcb
2,60,93,txcb
2,504,93,txcb
2,540,93,txcb
2,372,93,txcb
2,156,93,txcb
2,108,93,txcb
2,96,93,txcb
2,312,93,txcb
2,96,93,txcb
2,204,93,txcb
2,72,93,txcb
2,492,93,txcb
2,192,93,txcb
2,396,93,txcb
2,276,93,txcb
2,84,93,txcb
2,144,93,txcb
2,336,93,txcb
2,168,93,txcb
2,108,93,txcb
2,600,93,txcb
2,228,93,txcb
2,132,131,txox
2,252,131,txox
2,168,131,txox
2,48,131,txox
2,36,131,txox
2,276,131,txox
2,300,131,txox
2,372,131,txox
2,84,131,txox
2,48,131,txox
2,192,131,txox
2,96,131,txox
2,60,131,txox
2,144,131,txox
2,48,131,txox
2,132,131,txox
2,492,131,txox
2,480,131,txox
2,216,131,txox
2,492,131,txox
2,48,131,txox
2,360,131,txox
2,492,131,txox
2,120,131,txox
2,144,131,txox
2,144,131,txox
2,468,131,txox
2,168,131,txox
2,60,131,txox
2,132,131,txox
2,216,131,txox
2,132,131,txox
2,228,131,txox
2,276,131,txox
2,408,131,txox
2,120,131,txox
2,156,131,txox
2,192,131,txox
2,156,131,txox
2,240,131,txox
2,372,131,txox
2,24,131,txox
2,60,131,txox
2,336,131,txox
2,444,131,txox
2,48,131,txox
2,324,131,txox
2,156,131,txox
2,108,131,txox
2,324,131,txox
2,132,131,txox
2,60,131,txox
2,324,131,txox
2,84,131,txox
2,156,131,txox
2,300,131,txox
2,84,131,txox
2,168,131,txox
2,180,131,txox
2,768,131,txox
2,396,131,txox
2,1020,131,txox
2,204,131,txox
2,108,131,txox
2,576,131,txox
2,48,131,txox
2,264,131,txox
2,156,131,txox
2,84,131,txox
2,120,131,txox
2,96,131,txox
2,180,131,txox
2,168,131,txox
2,180,131,txox
2,384,131,txox
2,312,131,txox
2,108,131,txox
2,252,131,txox
2,348,131,txox
2,60,131,txox
2,192,131,txox
2,108,131,txox
2,480,131,txox
2,96,131,txox
2,84,131,txox
2,84,131,txox
2,84,131,txox
2,324,131,txox
2,144,131,txox
2,108,131,txox
2,180,131,txox
2,180,131,txox
2,300,131,txox
2,84,131,txox
2,264,131,txox
2,24,131,txox
2,72,131,txox
2,528,131,txox
2,288,131,txox
2,216,131,txox
2,120,131,txox
2,108,131,txox
2,72,131,txox
2,276,131,txox
2,60,131,txox
2,48,131,txox
2,324,131,txox
2,312,131,txox
2,72,131,txox
2,396,131,txox
2,36,131,txox
2,72,131,txox
2,108,131,txox
2,84,131,txox
2,132,131,txox
2,552,131,txox
2,240,131,txox
2,108,131,txox
2,48,131,txox
2,120,131,txox
2,300,131,txox
2,576,131,txox
2,936,131,txox
2,348,131,txox
2,612,131,txox
2,204,131,txox
2,648,131,txox
2,480,131,txox
2,240,131,txox
2,348,131,txox
2,252,131,txox
2,84,131,txox
2,144,131,txox
2,744,131,txox
2,168,753,txox
2,312,753,txox
2,84,753,txox
2,252,753,txox
2,240,753,txox
2,264,753,txox
2,180,753,txox
2,384,753,txox
2,288,753,txox
2,60,753,txox
2,60,753,txox
2,36,753,txox
2,240,753,txox
2,372,753,txox
2,192,753,txox
2,36,753,txox
2,624,753,txox
2,36,753,txox
2,144,753,txox
2,180,753,txox
2,72,753,txox
2,156,753,txox
2,108,753,txox
2,72,753,txox
2,168,753,txox
2,360,753,txox
2,144,753,txox
2,156,753,txox
2,24,753,txox
2,60,753,txox
2,108,753,txox
2,228,753,txox
2,168,753,txox
2,132,753,txox
2,84,753,txox
2,408,753,txox
2,36,753,txox
2,192,753,txox
2,60,753,txox
2,108,753,txox
2,336,753,txox
2,60,753,txox
2,96,753,txox
2,480,753,txox
2,264,753,txox
2,72,753,txox
2,96,753,txox
2,96,753,txox
2,660,753,txox
2,120,753,txox
2,72,753,txox
2,120,753,txox
2,12,753,txox
2,372,753,txox
2,720,753,txox
2,84,753,txox
2,60,753,txox
2,156,753,txox
2,60,753,txox
2,360,753,txox
2,72,753,txox
2,132,753,txox
2,48,753,txox
2,12,753,txox
2,36,753,txox
2,24,753,txox
2,228,753,txox
2,144,753,txox
2,144,753,txox
2,168,753,txox
2,96,753,txox
2,252,753,txox
2,192,753,txox
2,372,753,txox
2,588,753,txox
2,324,753,txox
2,12,753,txox
2,72,753,txox
2,108,753,txox
2,132,753,txox
2,132,753,txox
2,156,753,txox
2,204,753,txox
2,60,753,txox
2,564,753,txox
2,144,753,txox
2,24,753,txox
2,852,753,txox
2,180,753,txox
2,72,753,txox
2,168,753,txox
2,132,753,txox
2,132,753,txox
2,84,753,txox
2,780,753,txox
2,444,753,txox
2,180,753,txox
2,12,753,txox
2,60,753,txox
2,312,753,txox
2,420,753,txox
2,156,753,txox
2,216,753,txox
2,132,753,txox
2,168,753,txox
2,48,753,txox
2,708,753,txox
2,156,753,txox
2,264,753,txox
2,432,753,txox
2,300,753,txox
2,36,753,txox
2,144,753,txox
2,84,753,txox
2,612,753,txox
2,168,753,txox
2,120,753,txox
2,180,753,txox
2,60,753,txox
2,96,753,txox
2,48,753,txox
2,108,753,txox
2,828,753,txox
2,204,753,txox
2,96,753,txox
2,204,753,txox
2,648,753,txox
2,108,753,txox
2,48,753,txox
2,48,753,txox
2,72,753,txox
2,48,753,txox
2,180,753,txox
2,180,753,txox
2,228,753,txox
2,384,753,txox
2,60,753,txox
2,216,753,txox
2,60,753,txox
2,132,753,txox
2,216,753,txox
2,96,753,txox
2,360,753,txox
2,744,753,txox
2,1092,753,txox
2,972,753,txox
2,504,753,txox
2,252,753,txox
2,36,753,txox
2,36,753,txox
2,564,753,txox
2,60,753,txox
2,396,753,txox
2,144,753,txox
2,432,753,txox
2,288,753,txox
2,204,753,txox
2,396,753,txox
2,444,753,txox
2,636,753,txox
2,708,753,txox
2,60,753,txox
2,456,753,txox
2,324,753,txox
2,336,753,txox
2,552,753,txox
2,72,753,txox
2,96,753,txox
2,36,753,txox
2,300,753,txox
2,72,753,txox
2,300,753,txox
2,84,753,txox
2,156,753,txox
2,72,753,txox
2,408,753,txox
2,72,753,txox
2,384,753,txox
2,60,753,txox
2,156,753,txox
2,192,753,txox
2,84,753,txox
2,48,753,txox
2,48,753,txox
2,156,753,txox
2,264,753,txox
2,192,753,txox
2,324,756,txox
2,336,756,txox
2,228,756,txox
2,384,756,txox
2,60,756,txox
2,492,756,txox
2,72,756,txox
2,468,756,txox
2,468,756,txox
2,300,756,txox
2,276,756,txox
2,372,756,txox
2,36,756,txox
2,72,756,txox
2,576,756,txox
2,372,756,txox
2,216,756,txox
2,180,756,txox
2,12,756,txox
2,36,756,txox
2,360,756,txox
2,612,756,txox
2,120,756,txox
2,120,756,txox
2,264,756,txox
2,84,756,txox
2,696,756,txox
2,336,756,txox
2,648,756,txox
2,336,756,txox
2,72,756,txox
2,120,756,txox
2,180,756,txox
2,168,756,txox
2,288,756,txox
2,192,756,txox
2,144,756,txox
2,384,756,txox
2,156,756,txox
2,564,756,txox
2,216,756,txox
2,192,756,txox
2,276,756,txox
2,240,756,txox
2,336,756,txox
2,60,756,txox
2,24,756,txox
2,120,756,txox
2,12,756,txox
2,240,756,txox
2,324,756,txox
2,144,756,txox
2,132,756,txox
2,96,756,txox
2,192,756,txox
2,60,756,txox
2,72,756,txox
2,120,756,txox
2,60,756,txox
2,240,756,txox
2,288,756,txox
2,120,756,txox
2,96,756,txox
2,120,756,txox
2,24,756,txox
2,96,756,txox
2,228,756,txox
2,408,756,txox
2,276,756,txox
2,852,756,txox
2,180,756,txox
2,420,756,txox
2,60,756,txox
2,48,756,txox
2,156,756,txox
2,180,756,txox
2,60,756,txox
2,204,756,txox
2,348,756,txox
2,156,756,txox
2,216,756,txox
2,624,756,txox
2,288,756,txox
2,156,756,txox
2,228,756,txox
2,144,756,txox
2,324,756,txox
2,288,756,txox
2,216,756,txox
2,36,756,txox
2,48,756,txox
2,396,756,txox
2,504,756,txox
2,48,756,txox
2,876,756,txox
2,576,756,txox
2,24,756,txox
2,312,756,txox
2,180,756,txox
2,84,756,txox
2,288,756,txox
2,444,756,txox
2,228,756,txox
2,12,756,txox
2,600,756,txox
2,912,756,txox
2,384,756,txox
2,252,756,txox
2,708,756,txox
2,72,756,txox
2,96,756,txox
2,1104,756,txox
2,180,756,txox
2,180,756,txox
2,720,756,txox
2,156,756,txox
2,96,756,txox
2,84,756,txox
2,420,756,txox
2,84,756,txox
2,192,756,txox
2,156,756,txox
2,600,756,txox
2,96,756,txox
2,144,756,txox
2,48,756,txox
2,36,756,txox
2,180,756,txox
2,24,756,txox
2,36,756,txox
2,276,756,txox
2,336,756,txox
2,1044,756,txox
2,24,756,txox
2,168,756,txox
2,84,756,txox
2,576,756,txox
2,492,756,txox
2,72,756,txox
2,648,756,txox
2,24,756,txox
2,156,756,txox
2,360,756,txox
2,432,756,txox
2,480,756,txox
2,60,756,txox
2,420,756,txox
2,696,756,txox
2,192,756,txox
2,168,756,txox
2,12,756,txox
2,108,756,txox
2,60,756,txox
2,264,756,txox
2,156,756,txox
2,564,756,txox
2,12,756,txox
2,816,756,txox
2,156,756,txox
2,168,756,txox
2,408,756,txox
2,324,756,txox
2,204,756,txox
2,672,756,txox
2,60,756,txox
2,180,756,txox
2,276,756,txox
2,924,756,txox
2,96,756,txox
2,108,756,txox
2,228,756,txox
2,144,756,txox
2,432,756,txox
2,204,756,txox
2,48,761,txox
2,60,761,txox
2,204,761,txox
2,204,761,txox
2,192,761,txox
2,276,761,txox
2,216,761,txox
2,288,761,txox
2,72,761,txox
2,156,761,txox
2,84,761,txox
2,288,761,txox
2,276,761,txox
2,132,761,txox
2,60,761,txox
2,48,761,txox
2,144,761,txox
2,144,761,txox
2,312,761,txox
2,300,761,txox
2,60,761,txox
2,48,761,txox
2,72,761,txox
2,72,761,txox
2,204,761,txox
2,84,761,txox
2,348,761,txox
2,96,761,txox
2,192,761,txox
2,48,761,txox
2,312,761,txox
2,204,761,txox
2,132,761,txox
2,96,761,txox
2,96,761,txox
2,504,761,txox
2,72,761,txox
2,144,761,txox
2,468,761,txox
2,60,761,txox
2,288,761,txox
2,132,761,txox
2,432,761,txox
2,156,761,txox
2,108,761,txox
2,240,761,txox
2,528,761,txox
2,156,761,txox
2,120,761,txox
2,192,761,txox
2,108,761,txox
2,336,761,txox
2,60,761,txox
2,192,761,txox
2,84,761,txox
2,84,761,txox
2,180,761,txox
2,384,761,txox
2,96,761,txox
2,372,761,txox
2,48,761,txox
2,204,761,txox
2,612,761,txox
2,60,761,txox
2,72,761,txox
2,96,761,txox
2,144,761,txox
2,204,761,txox
2,156,761,txox
2,288,761,txox
2,36,761,txox
2,72,761,txox
2,348,761,txox
2,84,761,txox
2,252,761,txox
2,132,761,txox
2,132,761,txox
2,228,761,txox
2,456,761,txox
2,312,761,txox
2,120,761,txox
2,132,761,txox
2,60,761,txox
2,228,761,txox
2,12,761,txox
2,132,761,txox
2,144,761,txox
2,468,761,txox
2,396,761,txox
2,132,761,txox
2,204,761,txox
2,12,761,txox
2,288,761,txox
2,192,761,txox
2,288,761,txox
2,144,761,txox
2,168,761,txox
2,180,761,txox
2,144,761,txox
2,96,761,txox
2,156,761,txox
2,396,761,txox
2,408,761,txox
2,84,761,txox
2,252,761,txox
2,252,761,txox
2,252,761,txox
2,288,761,txox
2,372,761,txox
2,252,761,txox
2,12,761,txox
2,96,761,txox
2,348,761,txox
2,60,761,txox
2,108,761,txox
2,276,761,txox
2,108,761,txox
2,48,761,txox
2,72,761,txox
2,144,761,txox
2,72,761,txox
2,180,761,txox
2,156,761,txox
2,156,761,txox
2,132,761,txox
2,240,761,txox
2,156,761,txox
2,276,761,txox
2,60,761,txox
2,288,761,txox
2,156,761,txox
2,420,761,txox
2,72,761,txox
2,60,761,txox
2,120,761,txox
2,84,761,txox
2,144,761,txox
2,264,761,txox
2,48,761,txox
2,276,761,txox
2,216,761,txox
2,288,761,txox
2,516,761,txox
2,264,761,txox
2,132,761,txox
2,108,761,txox
2,96,761,txox
2,144,761,txox
2,108,761,txox
2,144,761,txox
2,12,761,txox
2,228,761,txox
2,36,761,txox
2,84,761,txox
2,228,761,txox
2,300,761,txox
2,528,761,txox
2,204,761,txox
2,84,761,txox
2,60,761,txox
2,396,761,txox
2,240,761,txox
2,144,761,txox
2,288,761,txox
2,324,761,txox
2,360,761,txox
2,60,761,txox
2,180,761,txox
2,216,761,txox
2,636,761,txox
2,384,761,txox
2,228,761,txox
2,156,761,txox
2,240,761,txox
2,240,761,txox
2,372,761,txox
2,612,761,txox
2,168,761,txox
2,372,761,txox
2,156,761,txox
2,204,761,txox
2,264,761,txox
2,108,761,txox
2,372,761,txox
2,252,761,txox
2,348,761,txox
2,180,761,txox
2,180,761,txox
2,168,761,txox
2,156,761,txox
2,348,761,txox
2,216,761,txox
2,48,761,txox
2,300,761,txox
2,132,761,txox
2,192,761,txox
2,204,761,txox
2,84,761,txox
2,264,761,txox
2,204,761,txox
2,108,761,txox
2,120,761,txox
2,516,761,txox
2,132,761,txox
2,156,761,txox
2,84,761,txox
2,132,761,txox
2,120,761,txox
2,288,761,txox
2,72,761,txox
2,60,761,txox
2,36,761,txox
2,36,761,txox
2,372,761,txox
2,180,761,txox
2,72,761,txox
2,96,761,txox
2,60,761,txox
2,288,761,txox
2,156,761,txox
2,204,761,txox
2,996,785,txox
2,408,785,txox
2,252,785,txox
2,348,785,txox
2,132,785,txox
2,396,785,txox
2,480,785,txox
2,108,785,txox
2,144,785,txox
2,72,785,txox
2,396,785,txox
2,48,785,txox
2,432,785,txox
2,96,785,txox
2,468,785,txox
2,204,785,txox
2,132,785,txox
2,84,785,txox
2,60,785,txox
2,60,785,txox
2,60,785,txox
2,132,785,txox
2,252,785,txox
2,192,785,txox
2,12,785,txox
2,36,785,txox
2,132,785,txox
2,12,785,txox
2,84,785,txox
2,120,785,txox
2,96,785,txox
2,444,785,txox
2,72,785,txox
2,576,785,txox
2,36,785,txox
2,60,785,txox
2,24,785,txox
2,348,785,txox
2,156,785,txox
2,216,785,txox
2,108,785,txox
2,468,785,txox
2,36,785,txox
2,36,785,txox
2,84,785,txox
2,48,785,txox
2,156,785,txox
2,252,785,txox
2,468,785,txox
2,72,785,txox
2,168,785,txox
2,96,785,txox
2,540,785,txox
2,180,785,txox
2,156,785,txox
2,108,785,txox
2,492,785,txox
2,96,785,txox
2,96,785,txox
2,48,785,txox
2,96,785,txox
2,444,785,txox
2,216,785,txox
2,96,785,txox
2,300,785,txox
2,12,785,txox
2,120,785,txox
2,96,785,txox
2,96,785,txox
2,108,785,txox
2,216,785,txox
2,48,785,txox
2,24,785,txox
2,396,785,txox
2,60,785,txox
2,384,785,txox
2,72,785,txox
2,156,785,txox
2,120,785,txox
2,540,785,txox
2,240,785,txox
2,96,785,txox
2,588,785,txox
2,120,785,txox
2,228,785,txox
2,72,785,txox
2,240,785,txox
2,48,785,txox
2,48,785,txox
2,108,785,txox
2,36,785,txox
2,132,785,txox
2,36,785,txox
2,276,785,txox
2,84,785,txox
2,348,785,txox
2,660,785,txox
2,972,785,txox
2,192,785,txox
2,360,785,txox
2,108,785,txox
2,108,785,txox
2,372,785,txox
2,264,785,txox
2,612,785,txox
2,180,785,txox
2,228,785,txox
2,108,785,txox
2,744,785,txox
2,768,785,txox
2,96,785,txox
2,204,785,txox
2,348,785,txox
2,120,785,txox
2,324,785,txox
2,84,785,txox
2,384,785,txox
2,276,785,txox
2,72,785,txox
2,216,785,txox
2,60,785,txox
2,516,785,txox
2,180,785,txox
2,108,785,txox
2,372,785,txox
2,216,785,txox
2,144,785,txox
2,312,785,txox
2,324,785,txox
2,288,785,txox
2,396,785,txox
2,228,785,txox
2,48,785,txox
2,120,785,txox
2,72,785,txox
2,336,785,txox
2,456,785,txox
2,132,785,txox
2,564,785,txox
2,360,785,txox
2,156,785,txox
2,240,785,txox
2,108,785,txox
2,396,785,txox
2,72,797,txox
2,504,797,txox
2,12,797,txox
2,156,797,txox
2,444,797,txox
2,528,797,txox
2,660,797,txox
2,24,797,txox
2,264,797,txox
2,324,797,txox
2,168,797,txox
2,396,797,txox
2,168,797,txox
2,60,797,txox
2,420,797,txox
2,96,797,txox
2,168,797,txox
2,144,797,txox
2,492,797,txox
2,12,797,txox
2,492,797,txox
2,600,797,txox
2,132,797,txox
2,48,797,txox
2,276,797,txox
2,36,797,txox
2,108,797,txox
2,408,797,txox
2,60,797,txox
2,360,797,txox
2,72,797,txox
2,96,797,txox
2,216,797,txox
2,24,797,txox
2,156,797,txox
2,180,797,txox
2,72,797,txox
2,60,797,txox
2,120,797,txox
2,132,797,txox
2,300,797,txox
2,60,797,txox
2,312,797,txox
2,108,797,txox
2,156,797,txox
2,300,797,txox
2,132,797,txox
2,132,797,txox
2,276,797,txox
2,120,797,txox
2,312,797,txox
2,420,797,txox
2,360,797,txox
2,300,797,txox
2,168,797,txox
2,132,797,txox
2,228,797,txox
2,12,797,txox
2,264,797,txox
2,288,797,txox
2,252,797,txox
2,12,797,txox
2,216,797,txox
2,36,797,txox
2,192,797,txox
2,300,797,txox
2,240,797,txox
2,240,797,txox
2,216,797,txox
2,672,797,txox
2,132,797,txox
2,156,797,txox
2,324,797,txox
2,240,797,txox
2,120,797,txox
2,288,797,txox
2,180,797,txox
2,168,797,txox
2,84,797,txox
2,804,797,txox
2,132,797,txox
2,288,797,txox
2,72,797,txox
2,108,797,txox
2,492,797,txox
2,228,797,txox
2,48,797,txox
2,348,797,txox
2,84,797,txox
2,264,797,txox
2,96,797,txox
2,84,797,txox
2,192,797,txox
2,72,797,txox
2,120,797,txox
2,72,797,txox
2,312,797,txox
2,192,797,txox
2,144,797,txox
2,60,797,txox
2,48,797,txox
2,84,797,txox
2,372,797,txox
2,240,797,txox
2,492,797,txox
2,132,797,txox
2,252,797,txox
2,36,797,txox
2,276,797,txox
2,324,797,txox
2,216,797,txox
2,372,797,txox
2,60,797,txox
2,132,797,txox
2,96,797,txox
2,120,797,txox
2,48,797,txox
2,168,797,txox
2,252,797,txox
2,168,797,txox
2,120,797,txox
2,120,797,txox
2,564,797,txox
2,336,797,txox
2,420,797,txox
2,168,797,txox
2,324,797,txox
2,180,797,txox
2,180,797,txox
2,72,797,txox
2,84,797,txox
2,564,797,txox
2,564,797,txox
2,492,797,txox
2,36,797,txox
2,204,797,txox
2,264,797,txox
2,300,797,txox
2,300,797,txox
2,216,797,txox
2,132,797,txox
2,564,797,txox
2,180,797,txox
2,192,797,txox
2,216,797,txox
2,144,797,txox
2,36,797,txox
2,108,797,txox
2,156,797,txox
2,84,797,txox
2,120,797,txox
2,84,797,txox
2,192,797,txox
2,252,797,txox
2,324,797,txox
2,372,797,txox
2,276,797,txox
2,336,797,txox
2,600,797,txox
2,432,797,txox
2,156,797,txox
2,264,797,txox
2,156,797,txox
2,60,797,txox
2,396,797,txox
2,168,797,txox
2,60,797,txox
2,540,797,txox
2,168,797,txox
2,216,797,txox
2,156,797,txox
2,168,797,txox
2,228,122,NB
2,36,122,NB
2,24,122,NB
2,204,122,NB
2,276,122,NB
2,228,122,NB
2,12,122,NB
2,156,122,NB
2,120,122,NB
2,396,122,NB
2,312,122,NB
2,300,122,NB
2,312,122,NB
2,144,122,NB
2,12,122,NB
2,876,122,NB
2,120,122,NB
2,888,122,NB
2,84,122,NB
2,168,122,NB
2,48,122,NB
2,108,122,NB
2,144,122,NB
2,252,122,NB
2,120,122,NB
2,60,122,NB
2,72,122,NB
2,408,122,NB
2,60,122,NB
2,192,122,NB
2,312,122,NB
2,264,122,NB
2,36,122,NB
2,24,122,NB
2,420,122,NB
2,144,122,NB
2,60,122,NB
2,96,122,NB
2,324,122,NB
2,348,122,NB
2,144,122,NB
2,60,122,NB
2,120,122,NB
2,180,122,NB
2,144,122,NB
2,204,122,NB
2,120,122,NB
2,36,122,NB
2,120,122,NB
2,228,122,NB
2,240,122,NB
2,96,122,NB
2,276,122,NB
2,12,122,NB
2,600,122,NB
2,384,122,NB
2,180,122,NB
2,240,122,NB
2,72,122,NB
2,192,122,NB
2,324,122,NB
2,144,122,NB
2,132,122,NB
2,276,122,NB
2,252,122,NB
2,204,122,NB
2,72,122,NB
2,12,122,NB
2,396,122,NB
2,444,122,NB
2,48,122,NB
2,108,122,NB
2,336,122,NB
2,144,122,NB
2,444,122,NB
2,144,122,NB
2,36,122,NB
2,60,122,NB
2,12,122,NB
2,324,122,NB
2,552,122,NB
2,312,122,NB
2,192,122,NB
2,768,122,NB
2,228,122,NB
2,240,122,NB
2,132,122,NB
2,48,122,NB
2,12,122,NB
2,48,122,NB
2,96,122,NB
2,72,122,NB
2,684,122,NB
2,360,122,NB
2,408,122,NB
2,108,122,NB
2,108,122,NB
2,144,122,NB
2,156,122,NB
2,288,122,NB
2,60,122,NB
2,252,122,NB
2,384,122,NB
2,156,122,NB
2,576,122,NB
2,84,151,NB
2,132,151,NB
2,444,151,NB
2,192,151,NB
2,84,151,NB
2,228,151,NB
2,204,151,NB
2,204,151,NB
2,108,151,NB
2,132,151,NB
2,120,151,NB
2,72,151,NB
2,108,151,NB
2,132,151,NB
2,48,151,NB
2,60,151,NB
2,168,151,NB
2,228,151,NB
2,156,151,NB
2,456,151,NB
2,516,151,NB
2,48,151,NB
2,228,151,NB
2,168,151,NB
2,132,151,NB
2,168,151,NB
2,264,151,NB
2,96,151,NB
2,72,151,NB
2,204,151,NB
2,108,151,NB
2,60,151,NB
2,84,151,NB
2,48,151,NB
2,120,151,NB
2,72,151,NB
2,84,151,NB
2,120,151,NB
2,60,151,NB
2,96,151,NB
2,36,151,NB
2,36,151,NB
2,24,151,NB
2,240,151,NB
2,24,151,NB
2,108,151,NB
2,240,151,NB
2,84,151,NB
2,48,151,NB
2,60,151,NB
2,36,151,NB
2,24,151,NB
2,192,151,NB
2,336,151,NB
2,228,151,NB
2,132,151,NB
2,108,151,NB
2,228,151,NB
2,180,151,NB
2,12,151,NB
2,180,151,NB
2,96,151,NB
2,60,151,NB
2,72,151,NB
2,96,151,NB
2,132,151,NB
2,48,151,NB
2,24,151,NB
2,72,151,NB
2,216,151,NB
2,156,151,NB
2,192,151,NB
2,48,151,NB
2,72,151,NB
2,264,151,NB
2,96,151,NB
2,60,151,NB
2,108,151,NB
2,156,151,NB
2,48,151,NB
2,120,151,NB
2,156,151,NB
2,108,151,NB
2,72,151,NB
2,72,151,NB
2,48,151,NB
2,120,151,NB
2,84,151,NB
2,96,151,NB
2,120,151,NB
2,60,151,NB
2,216,151,NB
2,60,151,NB
2,72,151,NB
2,48,151,NB
2,96,151,NB
2,60,151,NB
2,48,151,NB
2,48,151,NB
2,204,151,NB
2,48,151,NB
2,60,151,NB
2,252,151,NB
2,48,151,NB
2,108,151,NB
2,84,151,NB
2,24,151,NB
2,72,151,NB
2,36,151,NB
2,108,151,NB
2,132,151,NB
2,48,151,NB
2,132,151,NB
2,60,151,NB
2,72,151,NB
2,96,151,NB
2,132,151,NB
2,144,151,NB
2,156,151,NB
2,60,151,NB
2,252,151,NB
2,60,151,NB
2,72,151,NB
2,96,151,NB
2,228,151,NB
2,84,151,NB
2,300,151,NB
2,72,151,NB
2,108,151,NB
2,72,151,NB
2,144,151,NB
2,384,151,NB
2,96,151,NB
2,36,151,NB
2,252,151,NB
2,396,151,NB
2,36,151,NB
2,168,151,NB
2,48,151,NB
2,96,151,NB
2,324,151,NB
2,144,151,NB
2,168,151,NB
2,288,151,NB
2,36,151,NB
2,60,151,NB
2,60,151,NB
2,228,151,NB
2,108,151,NB
2,72,151,NB
2,24,151,NB
2,72,151,NB
2,48,151,NB
2,588,151,NB
2,372,151,NB
2,108,151,NB
2,60,151,NB
2,48,151,NB
2,156,151,NB
2,96,151,NB
2,96,151,NB
2,216,151,NB
2,468,151,NB
2,216,151,NB
2,168,151,NB
2,324,151,NB
2,120,151,NB
2,48,151,NB
2,12,151,NB
2,108,151,NB
2,144,151,NB
2,252,151,NB
2,408,151,NB
2,84,151,NB
2,48,151,NB
2,132,151,NB
2,204,156,NB
2,180,156,NB
2,72,156,NB
2,348,156,NB
2,432,156,NB
2,96,156,NB
2,288,156,NB
2,744,156,NB
2,528,156,NB
2,36,156,NB
2,84,156,NB
2,300,156,NB
2,84,156,NB
2,192,156,NB
2,132,156,NB
2,852,156,NB
2,540,156,NB
2,384,156,NB
2,72,156,NB
2,216,156,NB
2,72,156,NB
2,300,156,NB
2,360,156,NB
2,312,156,NB
2,504,156,NB
2,264,156,NB
2,84,156,NB
2,348,156,NB
2,240,156,NB
2,180,156,NB
2,264,156,NB
2,132,156,NB
2,300,156,NB
2,420,156,NB
2,204,156,NB
2,168,156,NB
2,504,156,NB
2,180,156,NB
2,348,156,NB
2,12,156,NB
2,336,156,NB
2,108,156,NB
2,768,156,NB
2,84,156,NB
2,108,156,NB
2,276,156,NB
2,192,156,NB
2,132,156,NB
2,588,156,NB
2,204,156,NB
2,228,156,NB
2,48,156,NB
2,84,156,NB
2,108,156,NB
2,396,156,NB
2,144,156,NB
2,48,156,NB
2,168,156,NB
2,120,156,NB
2,192,156,NB
2,48,156,NB
2,288,156,NB
2,624,156,NB
2,144,156,NB
2,48,156,NB
2,36,156,NB
2,48,156,NB
2,60,156,NB
2,48,156,NB
2,144,156,NB
2,60,156,NB
2,156,156,NB
2,84,156,NB
2,84,156,NB
2,60,156,NB
2,84,156,NB
2,228,156,NB
2,48,156,NB
2,240,156,NB
2,168,156,NB
2,144,156,NB
2,84,156,NB
2,48,156,NB
2,48,156,NB
2,96,156,NB
2,120,156,NB
2,156,156,NB
2,72,156,NB
2,84,156,NB
2,84,156,NB
2,36,156,NB
2,48,156,NB
2,180,156,NB
2,72,156,NB
2,72,156,NB
2,72,156,NB
2,72,156,NB
2,84,156,NB
2,120,156,NB
2,24,156,NB
2,36,156,NB
2,96,156,NB
2,312,156,NB
2,228,156,NB
2,132,156,NB
2,228,156,NB
2,132,156,NB
2,60,156,NB
2,264,156,NB
2,120,156,NB
2,60,156,NB
2,300,156,NB
2,12,156,NB
2,72,156,NB
2,72,156,NB
2,456,156,NB
2,132,156,NB
2,336,156,NB
2,96,156,NB
2,72,156,NB
2,156,156,NB
2,36,156,NB
2,108,156,NB
2,24,156,NB
2,108,156,NB
2,96,156,NB
2,48,156,NB
2,36,156,NB
2,336,156,NB
2,504,156,NB
2,372,156,NB
2,168,156,NB
2,48,156,NB
2,156,156,NB
2,12,156,NB
2,144,156,NB
2,624,156,NB
2,108,156,NB
2,60,156,NB
2,276,156,NB
2,168,156,NB
2,480,156,NB
2,96,156,NB
2,108,156,NB
2,372,156,NB
2,168,156,NB
2,168,156,NB
2,252,156,NB
2,72,156,NB
2,300,156,NB
2,156,156,NB
2,264,156,NB
2,84,156,NB
2,48,156,NB
2,60,156,NB
2,60,156,NB
2,228,156,NB
2,84,156,NB
2,84,156,NB
2,372,156,NB
2,240,156,NB
2,228,156,NB
2,156,156,NB
2,348,689,NB
2,492,689,NB
2,312,689,NB
2,540,689,NB
2,60,689,NB
2,744,689,NB
2,900,689,NB
2,396,689,NB
2,612,689,NB
2,72,689,NB
2,576,689,NB
2,324,689,NB
2,600,689,NB
2,504,689,NB
2,504,689,NB
2,540,689,NB
2,180,689,NB
2,48,689,NB
2,552,689,NB
2,180,689,NB
2,288,689,NB
2,24,689,NB
2,108,689,NB
2,432,689,NB
2,84,689,NB
2,144,689,NB
2,408,689,NB
2,120,689,NB
2,156,689,NB
2,600,689,NB
2,48,689,NB
2,192,689,NB
2,528,689,NB
2,240,689,NB
2,168,689,NB
2,288,689,NB
2,48,689,NB
2,660,689,NB
2,180,689,NB
2,84,689,NB
2,180,689,NB
2,72,689,NB
2,12,689,NB
2,696,689,NB
2,264,689,NB
2,504,689,NB
2,60,689,NB
2,24,689,NB
2,96,689,NB
2,648,689,NB
2,132,689,NB
2,264,689,NB
2,228,689,NB
2,264,689,NB
2,420,689,NB
2,480,689,NB
2,48,689,NB
2,324,689,NB
2,276,689,NB
2,372,689,NB
2,300,689,NB
2,240,689,NB
2,216,689,NB
2,564,689,NB
2,720,689,NB
2,468,689,NB
2,96,689,NB
2,132,689,NB
2,120,689,NB
2,168,689,NB
2,360,689,NB
2,540,689,NB
2,84,689,NB
2,24,689,NB
2,540,689,NB
2,528,689,NB
2,48,689,NB
2,228,689,NB
2,132,689,NB
2,360,689,NB
2,540,689,NB
2,156,689,NB
2,84,689,NB
2,12,689,NB
2,72,689,NB
2,288,689,NB
2,144,689,NB
2,60,689,NB
2,84,689,NB
2,432,689,NB
2,216,689,NB
2,48,689,NB
2,684,689,NB
2,48,689,NB
2,12,689,NB
2,96,689,NB
2,360,689,NB
2,120,689,NB
2,672,689,NB
2,36,689,NB
2,228,689,NB
2,192,689,NB
2,24,689,NB
2,60,689,NB
2,108,689,NB
2,180,689,NB
2,288,689,NB
2,384,689,NB
2,120,689,NB
2,540,689,NB
2,240,689,NB
2,432,689,NB
2,480,689,NB
2,216,689,NB
2,240,689,NB
2,48,689,NB
2,1056,689,NB
2,288,689,NB
2,348,689,NB
2,228,689,NB
2,216,689,NB
2,336,689,NB
2,132,689,NB
2,84,689,NB
2,384,689,NB
2,756,689,NB
2,48,689,NB
2,24,689,NB
2,588,689,NB
2,252,689,NB
2,528,689,NB
2,156,689,NB
2,48,689,NB
2,324,689,NB
2,696,689,NB
2,84,689,NB
2,480,689,NB
2,96,73,NB
2,72,73,NB
2,96,73,NB
2,432,73,NB
2,180,73,NB
2,108,73,NB
2,168,73,NB
2,132,73,NB
2,168,73,NB
2,12,73,NB
2,312,73,NB
2,204,73,NB
2,108,73,NB
2,312,73,NB
2,48,73,NB
2,336,73,NB
2,636,73,NB
2,84,73,NB
2,108,73,NB
2,192,73,NB
2,636,73,NB
2,420,73,NB
2,120,73,NB
2,456,73,NB
2,36,73,NB
2,84,73,NB
2,612,73,NB
2,60,73,NB
2,132,73,NB
2,120,73,NB
2,864,73,NB
2,276,73,NB
2,84,73,NB
2,96,73,NB
2,36,73,NB
2,72,73,NB
2,48,73,NB
2,228,73,NB
2,180,73,NB
2,36,73,NB
2,192,73,NB
2,72,73,NB
2,168,73,NB
2,456,73,NB
2,240,73,NB
2,60,73,NB
2,72,73,NB
2,84,73,NB
2,60,73,NB
2,156,73,NB
2,456,73,NB
2,36,73,NB
2,252,73,NB
2,72,73,NB
2,36,73,NB
2,420,73,NB
2,48,73,NB
2,36,73,NB
2,324,73,NB
2,36,73,NB
2,276,73,NB
2,120,73,NB
2,108,73,NB
2,492,73,NB
2,96,73,NB
2,72,73,NB
2,24,73,NB
2,168,73,NB
2,516,73,NB
2,48,73,NB
2,516,73,NB
2,156,73,NB
2,72,73,NB
2,72,73,NB
2,156,73,NB
2,144,73,NB
2,276,73,NB
2,420,73,NB
2,312,73,NB
2,48,73,NB
2,396,73,NB
2,36,73,NB
2,60,73,NB
2,828,73,NB
2,312,73,NB
2,396,73,NB
2,408,73,NB
2,216,73,NB
2,264,73,NB
2,276,73,NB
2,132,73,NB
2,96,73,NB
2,24,73,NB
2,360,73,NB
2,432,73,NB
2,1092,73,NB
2,276,73,NB
2,96,73,NB
2,132,73,NB
2,132,73,NB
2,72,73,NB
2,504,73,NB
2,60,73,NB
2,168,73,NB
2,168,73,NB
2,480,73,NB
2,420,73,NB
2,1092,73,NB
2,360,73,NB
2,204,73,NB
2,408,73,NB
2,84,73,NB
2,612,73,NB
2,372,73,NB
2,84,73,NB
2,516,73,NB
2,60,73,NB
2,252,73,NB
2,192,73,NB
2,72,73,NB
2,276,73,NB
2,144,73,NB
2,72,73,NB
2,1140,76,NB
2,144,76,NB
2,24,76,NB
2,216,76,NB
2,180,76,NB
2,552,76,NB
2,72,76,NB
2,300,76,NB
2,156,76,NB
2,168,76,NB
2,372,76,NB
2,60,76,NB
2,264,76,NB
2,48,76,NB
2,120,76,NB
2,312,76,NB
2,264,76,NB
2,516,76,NB
2,672,76,NB
2,564,76,NB
2,468,76,NB
2,120,76,NB
2,276,76,NB
2,1140,76,NB
2,384,76,NB
2,288,76,NB
2,132,76,NB
2,1212,76,NB
2,156,76,NB
2,144,76,NB
2,96,76,NB
2,588,76,NB
2,168,76,NB
2,540,76,NB
2,408,76,NB
2,132,76,NB
2,180,76,NB
2,360,76,NB
2,180,76,NB
2,12,76,NB
2,132,76,NB
2,552,76,NB
2,948,76,NB
2,132,76,NB
2,72,76,NB
2,684,76,NB
2,96,76,NB
2,12,76,NB
2,576,76,NB
2,624,76,NB
2,792,76,NB
2,1428,76,NB
2,24,76,NB
2,48,76,NB
2,180,76,NB
2,408,76,NB
2,60,76,NB
2,552,76,NB
2,84,76,NB
2,648,76,NB
2,144,76,NB
2,96,76,NB
2,144,76,NB
2,36,76,NB
2,612,76,NB
2,276,76,NB
2,300,76,NB
2,228,76,NB
2,48,76,NB
2,168,76,NB
2,12,76,NB
2,540,76,NB
2,372,76,NB
2,636,76,NB
2,144,76,NB
2,480,76,NB
2,1056,76,NB
2,60,76,NB
2,588,76,NB
2,132,76,NB
2,252,76,NB
2,840,76,NB
2,972,76,NB
2,216,76,NB
2,156,76,NB
2,492,76,NB
2,576,76,NB
2,144,76,NB
2,108,76,NB
2,840,76,NB
2,72,76,NB
2,168,76,NB
2,852,76,NB
2,444,76,NB
2,348,76,NB
2,204,76,NB
2,276,76,NB
2,204,76,NB
2,528,76,NB
2,264,76,NB
2,360,76,NB
2,264,76,NB
2,444,76,NB
2,180,76,NB
2,312,76,NB
2,732,76,NB
2,144,130,txsham
2,132,130,txsham
2,312,130,txsham
2,60,130,txsham
2,72,130,txsham
2,72,130,txsham
2,420,130,txsham
2,204,130,txsham
2,324,130,txsham
2,372,130,txsham
2,120,130,txsham
2,228,130,txsham
2,264,130,txsham
2,120,130,txsham
2,228,130,txsham
2,168,130,txsham
2,132,130,txsham
2,96,130,txsham
2,144,130,txsham
2,144,130,txsham
2,84,130,txsham
2,156,130,txsham
2,72,130,txsham
2,72,130,txsham
2,144,130,txsham
2,420,130,txsham
2,120,130,txsham
2,96,130,txsham
2,12,130,txsham
2,864,130,txsham
2,72,130,txsham
2,36,130,txsham
2,300,130,txsham
2,228,130,txsham
2,60,130,txsham
2,72,130,txsham
2,24,130,txsham
2,108,130,txsham
2,696,130,txsham
2,372,130,txsham
2,120,130,txsham
2,120,130,txsham
2,504,130,txsham
2,300,130,txsham
2,96,130,txsham
2,540,130,txsham
2,288,130,txsham
2,636,130,txsham
2,324,130,txsham
2,516,130,txsham
2,372,130,txsham
2,156,130,txsham
2,120,130,txsham
2,264,130,txsham
2,72,130,txsham
2,228,130,txsham
2,60,130,txsham
2,36,130,txsham
2,72,130,txsham
2,132,130,txsham
2,132,130,txsham
2,84,130,txsham
2,84,130,txsham
2,264,130,txsham
2,120,130,txsham
2,60,130,txsham
2,132,130,txsham
2,360,130,txsham
2,12,130,txsham
2,108,130,txsham
2,216,130,txsham
2,72,130,txsham
2,108,130,txsham
2,228,130,txsham
2,132,130,txsham
2,60,130,txsham
2,72,130,txsham
2,48,130,txsham
2,48,130,txsham
2,144,130,txsham
2,48,130,txsham
2,24,130,txsham
2,48,130,txsham
2,144,130,txsham
2,12,130,txsham
2,156,130,txsham
2,336,130,txsham
2,120,130,txsham
2,324,130,txsham
2,60,130,txsham
2,120,130,txsham
2,36,130,txsham
2,84,130,txsham
2,192,130,txsham
2,120,130,txsham
2,180,130,txsham
2,96,130,txsham
2,132,130,txsham
2,120,130,txsham
2,84,130,txsham
2,144,130,txsham
2,264,130,txsham
2,288,130,txsham
2,84,130,txsham
2,108,130,txsham
2,228,130,txsham
2,72,130,txsham
2,132,130,txsham
2,168,130,txsham
2,168,130,txsham
2,156,130,txsham
2,264,130,txsham
2,276,130,txsham
2,228,130,txsham
2,396,130,txsham
2,36,130,txsham
2,264,130,txsham
2,72,130,txsham
2,336,130,txsham
2,84,130,txsham
2,48,130,txsham
2,168,130,txsham
2,204,130,txsham
2,216,130,txsham
2,60,130,txsham
2,24,130,txsham
2,252,130,txsham
2,192,130,txsham
2,300,130,txsham
2,12,130,txsham
2,300,130,txsham
2,228,130,txsham
2,108,130,txsham
2,60,130,txsham
2,168,130,txsham
2,132,130,txsham
2,48,130,txsham
2,204,130,txsham
2,240,130,txsham
2,24,130,txsham
2,456,130,txsham
2,48,130,txsham
2,504,130,txsham
2,180,130,txsham
2,72,130,txsham
2,120,130,txsham
2,72,130,txsham
2,48,130,txsham
2,288,130,txsham
2,252,130,txsham
2,552,130,txsham
2,168,130,txsham
2,168,130,txsham
2,504,130,txsham
2,24,130,txsham
2,96,130,txsham
2,108,130,txsham
2,108,130,txsham
2,132,130,txsham
2,276,130,txsham
2,288,130,txsham
2,156,130,txsham
2,48,130,txsham
2,120,130,txsham
2,60,130,txsham
2,36,130,txsham
2,180,130,txsham
2,108,130,txsham
2,348,130,txsham
2,252,130,txsham
2,204,130,txsham
2,420,130,txsham
2,228,130,txsham
2,96,130,txsham
2,84,146,txsham
2,48,146,txsham
2,528,146,txsham
2,12,146,txsham
2,48,146,txsham
2,324,146,txsham
2,240,146,txsham
2,504,146,txsham
2,144,146,txsham
2,312,146,txsham
2,408,146,txsham
2,228,146,txsham
2,312,146,txsham
2,180,146,txsham
2,228,146,txsham
2,168,146,txsham
2,12,146,txsham
2,48,146,txsham
2,96,146,txsham
2,204,146,txsham
2,60,146,txsham
2,36,146,txsham
2,276,146,txsham
2,120,146,txsham
2,204,146,txsham
2,60,146,txsham
2,300,146,txsham
2,216,146,txsham
2,348,146,txsham
2,432,146,txsham
2,132,146,txsham
2,144,146,txsham
2,24,146,txsham
2,180,146,txsham
2,516,146,txsham
2,72,146,txsham
2,144,146,txsham
2,336,146,txsham
2,384,146,txsham
2,324,146,txsham
2,420,146,txsham
2,48,146,txsham
2,120,146,txsham
2,168,146,txsham
2,84,146,txsham
2,228,146,txsham
2,108,146,txsham
2,168,146,txsham
2,72,146,txsham
2,72,146,txsham
2,348,146,txsham
2,96,146,txsham
2,72,146,txsham
2,60,146,txsham
2,252,146,txsham
2,48,146,txsham
2,312,146,txsham
2,144,146,txsham
2,108,146,txsham
2,36,146,txsham
2,48,146,txsham
2,72,146,txsham
2,132,146,txsham
2,72,146,txsham
2,228,146,txsham
2,180,146,txsham
2,108,146,txsham
2,204,146,txsham
2,180,146,txsham
2,48,146,txsham
2,360,146,txsham
2,84,146,txsham
2,36,146,txsham
2,144,146,txsham
2,96,146,txsham
2,156,146,txsham
2,576,146,txsham
2,120,146,txsham
2,72,146,txsham
2,168,146,txsham
2,36,146,txsham
2,156,146,txsham
2,12,146,txsham
2,24,146,txsham
2,204,146,txsham
2,108,146,txsham
2,24,146,txsham
2,240,146,txsham
2,180,146,txsham
2,180,146,txsham
2,240,146,txsham
2,96,146,txsham
2,84,146,txsham
2,432,146,txsham
2,216,146,txsham
2,168,146,txsham
2,180,146,txsham
2,72,146,txsham
2,324,146,txsham
2,84,146,txsham
2,156,146,txsham
2,240,146,txsham
2,168,146,txsham
2,132,146,txsham
2,252,146,txsham
2,288,146,txsham
2,108,146,txsham
2,408,146,txsham
2,360,146,txsham
2,60,146,txsham
2,180,146,txsham
2,96,146,txsham
2,24,146,txsham
2,96,146,txsham
2,72,146,txsham
2,60,146,txsham
2,240,146,txsham
2,96,146,txsham
2,180,146,txsham
2,132,146,txsham
2,264,146,txsham
2,216,146,txsham
2,372,146,txsham
2,72,146,txsham
2,36,146,txsham
2,36,146,txsham
2,528,146,txsham
2,216,146,txsham
2,156,146,txsham
2,132,146,txsham
2,120,146,txsham
2,828,146,txsham
2,72,146,txsham
2,96,146,txsham
2,432,146,txsham
2,60,146,txsham
2,72,146,txsham
2,24,146,txsham
2,180,146,txsham
2,264,146,txsham
2,228,146,txsham
2,48,146,txsham
2,312,146,txsham
2,96,146,txsham
2,36,146,txsham
2,372,146,txsham
2,108,146,txsham
2,252,146,txsham
2,84,146,txsham
2,144,146,txsham
2,60,146,txsham
2,108,146,txsham
2,108,146,txsham
2,108,146,txsham
2,144,146,txsham
2,168,146,txsham
2,48,146,txsham
2,168,146,txsham
2,156,146,txsham
2,288,146,txsham
2,168,146,txsham
2,72,146,txsham
2,108,146,txsham
2,924,146,txsham
2,408,146,txsham
2,204,146,txsham
2,252,146,txsham
2,96,146,txsham
2,96,157,txsham
2,408,157,txsham
2,36,157,txsham
2,96,157,txsham
2,48,157,txsham
2,348,157,txsham
2,396,157,txsham
2,276,157,txsham
2,36,157,txsham
2,132,157,txsham
2,288,157,txsham
2,288,157,txsham
2,264,157,txsham
2,120,157,txsham
2,108,157,txsham
2,168,157,txsham
2,516,157,txsham
2,144,157,txsham
2,348,157,txsham
2,168,157,txsham
2,228,157,txsham
2,36,157,txsham
2,720,157,txsham
2,72,157,txsham
2,228,157,txsham
2,36,157,txsham
2,336,157,txsham
2,48,157,txsham
2,384,157,txsham
2,24,157,txsham
2,36,157,txsham
2,84,157,txsham
2,144,157,txsham
2,48,157,txsham
2,96,157,txsham
2,180,157,txsham
2,192,157,txsham
2,276,157,txsham
2,216,157,txsham
2,156,157,txsham
2,372,157,txsham
2,324,157,txsham
2,180,157,txsham
2,36,157,txsham
2,144,157,txsham
2,72,157,txsham
2,96,157,txsham
2,156,157,txsham
2,168,157,txsham
2,120,157,txsham
2,228,157,txsham
2,96,157,txsham
2,96,157,txsham
2,108,157,txsham
2,120,157,txsham
2,72,157,txsham
2,576,157,txsham
2,264,157,txsham
2,36,157,txsham
2,108,157,txsham
2,60,157,txsham
2,360,157,txsham
2,372,157,txsham
2,108,157,txsham
2,60,157,txsham
2,156,157,txsham
2,72,157,txsham
2,144,157,txsham
2,108,157,txsham
2,84,157,txsham
2,48,157,txsham
2,192,157,txsham
2,84,157,txsham
2,96,157,txsham
2,24,157,txsham
2,60,157,txsham
2,72,157,txsham
2,168,157,txsham
2,312,157,txsham
2,168,157,txsham
2,72,157,txsham
2,12,157,txsham
2,132,157,txsham
2,384,157,txsham
2,120,157,txsham
2,240,157,txsham
2,264,157,txsham
2,144,157,txsham
2,288,157,txsham
2,36,157,txsham
2,48,157,txsham
2,312,157,txsham
2,144,157,txsham
2,540,157,txsham
2,72,157,txsham
2,648,157,txsham
2,216,157,txsham
2,36,157,txsham
2,96,157,txsham
2,432,157,txsham
2,396,157,txsham
2,240,157,txsham
2,324,157,txsham
2,456,157,txsham
2,108,157,txsham
2,216,157,txsham
2,240,157,txsham
2,252,157,txsham
2,60,157,txsham
2,240,157,txsham
2,240,157,txsham
2,300,157,txsham
2,60,157,txsham
2,12,157,txsham
2,96,157,txsham
2,192,157,txsham
2,288,157,txsham
2,324,157,txsham
2,156,157,txsham
2,276,157,txsham
2,48,157,txsham
2,48,157,txsham
2,84,157,txsham
2,240,157,txsham
2,60,157,txsham
2,504,157,txsham
2,96,157,txsham
2,204,157,txsham
2,384,157,txsham
2,456,157,txsham
2,36,157,txsham
2,84,74,txsham
2,36,74,txsham
2,168,74,txsham
2,168,74,txsham
2,300,74,txsham
2,36,74,txsham
2,252,74,txsham
2,240,74,txsham
2,12,74,txsham
2,24,74,txsham
2,120,74,txsham
2,468,74,txsham
2,168,74,txsham
2,120,74,txsham
2,144,74,txsham
2,324,74,txsham
2,120,74,txsham
2,228,74,txsham
2,252,74,txsham
2,192,74,txsham
2,72,74,txsham
2,216,74,txsham
2,60,74,txsham
2,84,74,txsham
2,120,74,txsham
2,60,74,txsham
2,300,74,txsham
2,192,74,txsham
2,96,74,txsham
2,216,74,txsham
2,492,74,txsham
2,396,74,txsham
2,24,74,txsham
2,84,74,txsham
2,228,74,txsham
2,84,74,txsham
2,132,74,txsham
2,168,74,txsham
2,96,74,txsham
2,60,74,txsham
2,156,74,txsham
2,204,74,txsham
2,228,74,txsham
2,168,74,txsham
2,12,74,txsham
2,132,74,txsham
2,48,74,txsham
2,276,74,txsham
2,84,74,txsham
2,240,74,txsham
2,288,74,txsham
2,24,74,txsham
2,12,74,txsham
2,12,74,txsham
2,12,74,txsham
2,96,74,txsham
2,240,74,txsham
2,96,74,txsham
2,216,74,txsham
2,180,74,txsham
2,372,74,txsham
2,48,74,txsham
2,12,74,txsham
2,60,74,txsham
2,96,74,txsham
2,108,74,txsham
2,192,74,txsham
2,48,74,txsham
2,228,74,txsham
2,120,74,txsham
2,132,74,txsham
2,300,74,txsham
2,96,74,txsham
2,60,74,txsham
2,48,74,txsham
2,396,74,txsham
2,336,74,txsham
2,648,74,txsham
2,120,74,txsham
2,120,74,txsham
2,36,74,txsham
2,96,74,txsham
2,156,74,txsham
2,288,74,txsham
2,48,74,txsham
2,168,74,txsham
2,60,74,txsham
2,72,74,txsham
2,72,74,txsham
2,84,74,txsham
2,240,74,txsham
2,96,74,txsham
2,924,74,txsham
2,156,74,txsham
2,36,74,txsham
2,60,74,txsham
2,336,74,txsham
2,36,74,txsham
2,12,74,txsham
2,108,74,txsham
2,132,74,txsham
2,276,74,txsham
2,84,74,txsham
2,384,74,txsham
2,132,74,txsham
2,384,74,txsham
2,156,74,txsham
2,276,74,txsham
2,252,74,txsham
2,84,74,txsham
2,156,74,txsham
2,60,74,txsham
2,348,74,txsham
2,684,74,txsham
2,588,74,txsham
2,1608,75,txsham
2,192,75,txsham
2,696,75,txsham
2,84,75,txsham
2,552,75,txsham
2,60,75,txsham
2,456,75,txsham
2,204,75,txsham
2,60,75,txsham
2,156,75,txsham
2,108,75,txsham
2,228,75,txsham
2,480,75,txsham
2,1044,75,txsham
2,756,75,txsham
2,336,75,txsham
2,180,75,txsham
2,72,75,txsham
2,96,75,txsham
2,96,75,txsham
2,300,75,txsham
2,348,75,txsham
2,408,75,txsham
2,348,75,txsham
2,156,75,txsham
2,120,75,txsham
2,48,75,txsham
2,84,75,txsham
2,300,75,txsham
2,420,75,txsham
2,144,75,txsham
2,204,75,txsham
2,84,75,txsham
2,288,75,txsham
2,72,75,txsham
2,156,75,txsham
2,156,75,txsham
2,96,75,txsham
2,48,75,txsham
2,180,75,txsham
2,468,75,txsham
2,108,75,txsham
2,288,75,txsham
2,108,75,txsham
2,204,75,txsham
2,324,75,txsham
2,120,75,txsham
2,180,75,txsham
2,216,75,txsham
2,168,75,txsham
2,12,75,txsham
2,72,75,txsham
2,612,75,txsham
2,168,75,txsham
2,372,75,txsham
2,72,75,txsham
2,96,75,txsham
2,168,75,txsham
2,60,75,txsham
2,372,75,txsham
2,312,75,txsham
2,252,75,txsham
2,180,75,txsham
2,444,75,txsham
2,300,75,txsham
2,228,75,txsham
2,240,75,txsham
2,36,75,txsham
2,96,75,txsham
2,72,75,txsham
2,108,75,txsham
2,216,75,txsham
2,576,75,txsham
2,60,75,txsham
2,156,75,txsham
2,108,75,txsham
2,480,75,txsham
2,192,75,txsham
2,276,75,txsham
2,24,75,txsham
2,468,75,txsham
2,96,75,txsham
2,36,75,txsham
2,132,75,txsham
2,108,75,txsham
2,300,75,txsham
2,108,75,txsham
2,276,75,txsham
2,156,75,txsham
2,216,75,txsham
2,252,75,txsham
2,312,75,txsham
2,204,75,txsham
2,516,75,txsham
2,300,75,txsham
2,36,75,txsham
2,120,75,txsham
2,384,75,txsham
2,156,75,txsham
2,180,75,txsham
2,324,75,txsham
2,84,75,txsham
2,48,75,txsham
2,276,75,txsham
2,624,75,txsham
2,120,75,txsham
2,1152,75,txsham
2,144,75,txsham
2,360,75,txsham
2,264,75,txsham
2,132,75,txsham
2,36,75,txsham
2,300,75,txsham
2,96,81,txsham
2,276,81,txsham
2,360,81,txsham
2,228,81,txsham
2,48,81,txsham
2,600,81,txsham
2,180,81,txsham
2,84,81,txsham
2,144,81,txsham
2,156,81,txsham
2,192,81,txsham
2,120,81,txsham
2,348,81,txsham
2,372,81,txsham
2,384,81,txsham
2,252,81,txsham
2,132,81,txsham
2,192,81,txsham
2,360,81,txsham
2,420,81,txsham
2,360,81,txsham
2,312,81,txsham
2,264,81,txsham
2,132,81,txsham
2,432,81,txsham
2,276,81,txsham
2,180,81,txsham
2,276,81,txsham
2,324,81,txsham
2,72,81,txsham
2,312,81,txsham
2,552,81,txsham
2,84,81,txsham
2,60,81,txsham
2,108,81,txsham
2,180,81,txsham
2,252,81,txsham
2,156,81,txsham
2,168,81,txsham
2,480,81,txsham
2,336,81,txsham
2,456,81,txsham
2,60,81,txsham
2,60,81,txsham
2,60,81,txsham
2,84,81,txsham
2,492,81,txsham
2,192,81,txsham
2,288,81,txsham
2,420,81,txsham
2,324,81,txsham
2,564,81,txsham
2,72,81,txsham
2,420,81,txsham
2,108,81,txsham
2,588,81,txsham
2,156,81,txsham
2,36,81,txsham
2,132,81,txsham
2,72,81,txsham
2,636,81,txsham
2,84,81,txsham
2,312,81,txsham
2,300,81,txsham
2,144,81,txsham
2,180,81,txsham
2,180,81,txsham
2,696,81,txsham
2,84,81,txsham
2,60,81,txsham
2,96,81,txsham
2,384,81,txsham
2,36,81,txsham
2,600,81,txsham
2,444,81,txsham
2,180,81,txsham
2,72,81,txsham
2,168,81,txsham
2,408,81,txsham
2,636,81,txsham
2,492,81,txsham
2,12,81,txsham
2,192,81,txsham
2,60,81,txsham
2,60,81,txsham
2,84,81,txsham
2,204,81,txsham
2,96,81,txsham
2,204,81,txsham
2,456,81,txsham
2,72,81,txsham
2,180,81,txsham
2,60,81,txsham
2,24,81,txsham
2,108,81,txsham
2,612,81,txsham
2,60,81,txsham
2,480,81,txsham
2,1056,81,txsham
2,72,81,txsham
2,636,81,txsham
2,192,81,txsham
2,168,81,txsham
2,336,81,txsham
2,648,81,txsham
2,540,81,txsham
